time,I,nv,c1,c2,ar,V_tot,kind,net_type
0,5.0,100,0.0,0.0,361,634,mean,static
0,0.0,100,0.0,0.0,64,62.844,std,static
1,10.31,100,135.875,135.875,361,634,mean,static
1,3.44,100,19.656,19.656,64,62.844,std,static
2,24.28,100,181.344,181.344,361,634,mean,static
2,7.99,100,21.069,21.069,64,62.844,std,static
3,44.75,100,199.469,199.469,361,634,mean,static
3,15.6,100,25.228,25.228,64,62.844,std,static
4,70.81,100,207.406,207.406,361,634,mean,static
4,26.58,100,32.095,32.095,64,62.844,std,static
5,99.16,100,214.906,214.906,361,634,mean,static
5,36.39,100,31.804,31.804,64,62.844,std,static
6,127.0,100,208.781,208.781,361,634,mean,static
6,43.36,100,36.656,36.656,64,62.844,std,static
7,151.72,100,207.344,207.344,361,634,mean,static
7,44.12,100,36.064,36.064,64,62.844,std,static
8,163.0,100,204.156,204.156,361,634,mean,static
8,40.7,100,36.48,36.48,64,62.844,std,static
9,169.06,100,205.844,205.844,361,634,mean,static
9,39.01,100,39.337,39.337,64,62.844,std,static
10,169.09,100,202.094,202.094,361,634,mean,static
10,36.12,100,34.153,34.153,64,62.844,std,static
11,164.25,100,197.438,197.438,361,634,mean,static
11,31.19,100,39.676,39.676,64,62.844,std,static
12,154.38,100,196.219,196.219,361,634,mean,static
12,28.22,100,36.614,36.614,64,62.844,std,static
13,143.25,100,197.031,197.031,361,634,mean,static
13,23.81,100,38.909,38.909,64,62.844,std,static
14,130.84,100,194.906,194.906,361,634,mean,static
14,21.56,100,38.326,38.326,64,62.844,std,static
15,117.19,100,191.75,191.75,361,634,mean,static
15,18.77,100,38.205,38.205,64,62.844,std,static
16,103.5,100,195.156,195.156,361,634,mean,static
16,15.66,100,39.204,39.204,64,62.844,std,static
17,92.12,100,195.625,195.625,361,634,mean,static
17,13.62,100,39.962,39.962,64,62.844,std,static
18,82.25,100,190.469,190.469,361,634,mean,static
18,12.08,100,37.214,37.214,64,62.844,std,static
19,72.16,100,192.031,192.031,361,634,mean,static
19,10.1,100,45.091,45.091,64,62.844,std,static
20,63.16,100,190.312,190.312,361,634,mean,static
20,8.66,100,42.903,42.903,64,62.844,std,static
21,54.56,100,191.281,191.281,361,634,mean,static
21,7.37,100,41.803,41.803,64,62.844,std,static
22,47.81,100,193.562,193.562,361,634,mean,static
22,6.72,100,41.14,41.14,64,62.844,std,static
23,41.59,100,188.719,188.719,361,634,mean,static
23,6.42,100,39.342,39.342,64,62.844,std,static
24,35.69,100,191.906,191.906,361,634,mean,static
24,5.0,100,42.023,42.023,64,62.844,std,static
25,30.94,100,187.688,187.688,361,634,mean,static
25,4.45,100,41.012,41.012,64,62.844,std,static
26,27.06,100,188.5,188.5,361,634,mean,static
26,4.58,100,40.937,40.937,64,62.844,std,static
27,23.75,100,193.812,193.812,361,634,mean,static
27,4.12,100,45.649,45.649,64,62.844,std,static
28,20.78,100,189.812,189.812,361,634,mean,static
28,3.36,100,38.757,38.757,64,62.844,std,static
29,17.94,100,191.281,191.281,361,634,mean,static
29,2.99,100,44.441,44.441,64,62.844,std,static
30,15.88,100,190.469,190.469,361,634,mean,static
30,2.47,100,45.525,45.525,64,62.844,std,static
31,13.81,100,193.75,193.75,361,634,mean,static
31,2.38,100,45.841,45.841,64,62.844,std,static
32,11.75,100,194.469,194.469,361,634,mean,static
32,2.69,100,44.242,44.242,64,62.844,std,static
33,10.06,100,191.469,191.469,361,634,mean,static
33,2.82,100,43.143,43.143,64,62.844,std,static
34,8.62,100,191.188,191.188,361,634,mean,static
34,2.87,100,46.214,46.214,64,62.844,std,static
35,7.28,100,192.312,192.312,361,634,mean,static
35,2.37,100,43.461,43.461,64,62.844,std,static
36,6.28,100,193.031,193.031,361,634,mean,static
36,2.45,100,42.537,42.537,64,62.844,std,static
37,5.53,100,190.0,190.0,361,634,mean,static
37,2.4,100,41.166,41.166,64,62.844,std,static
38,4.69,100,190.344,190.344,361,634,mean,static
38,2.11,100,42.755,42.755,64,62.844,std,static
39,3.97,100,191.969,191.969,361,634,mean,static
39,1.93,100,44.959,44.959,64,62.844,std,static
40,3.47,100,191.906,191.906,361,634,mean,static
40,1.5,100,43.128,43.128,64,62.844,std,static
41,2.91,100,192.438,192.438,361,634,mean,static
41,1.4,100,44.156,44.156,64,62.844,std,static
42,2.25,100,189.281,189.281,361,634,mean,static
42,1.39,100,44.398,44.398,64,62.844,std,static
0,5.0,100,0.0,0.0,342,645,mean,dynamic
0,0.0,100,0.0,0.0,56,55.061,std,dynamic
1,9.09,100,89.406,89.406,342,645,mean,dynamic
1,2.2,100,13.112,13.112,56,55.061,std,dynamic
2,15.72,100,118.531,118.531,342,645,mean,dynamic
2,4.74,100,14.975,14.975,56,55.061,std,dynamic
3,28.34,100,139.469,139.469,342,645,mean,dynamic
3,10.49,100,14.858,14.858,56,55.061,std,dynamic
4,44.47,100,151.188,151.188,342,645,mean,dynamic
4,18.67,100,17.08,17.08,56,55.061,std,dynamic
5,68.69,100,154.75,154.75,342,645,mean,dynamic
5,28.09,100,18.876,18.876,56,55.061,std,dynamic
6,93.56,100,155.219,155.219,342,645,mean,dynamic
6,35.63,100,18.263,18.263,56,55.061,std,dynamic
7,119.41,100,157.656,157.656,342,645,mean,dynamic
7,42.2,100,16.159,16.159,56,55.061,std,dynamic
8,139.25,100,156.406,156.406,342,645,mean,dynamic
8,42.78,100,14.817,14.817,56,55.061,std,dynamic
9,151.25,100,155.5,155.5,342,645,mean,dynamic
9,40.46,100,17.103,17.103,56,55.061,std,dynamic
10,154.88,100,157.812,157.812,342,645,mean,dynamic
10,36.88,100,19.6,19.6,56,55.061,std,dynamic
11,154.12,100,154.031,154.031,342,645,mean,dynamic
11,34.09,100,19.111,19.111,56,55.061,std,dynamic
12,148.5,100,149.469,149.469,342,645,mean,dynamic
12,28.83,100,19.018,19.018,56,55.061,std,dynamic
13,140.12,100,150.219,150.219,342,645,mean,dynamic
13,24.55,100,17.954,17.954,56,55.061,std,dynamic
14,131.56,100,148.906,148.906,342,645,mean,dynamic
14,20.16,100,19.784,19.784,56,55.061,std,dynamic
15,120.59,100,150.75,150.75,342,645,mean,dynamic
15,17.58,100,23.589,23.589,56,55.061,std,dynamic
16,109.22,100,148.031,148.031,342,645,mean,dynamic
16,15.4,100,20.678,20.678,56,55.061,std,dynamic
17,97.06,100,147.312,147.312,342,645,mean,dynamic
17,12.61,100,23.355,23.355,56,55.061,std,dynamic
18,86.22,100,144.125,144.125,342,645,mean,dynamic
18,12.45,100,20.313,20.313,56,55.061,std,dynamic
19,76.44,100,148.125,148.125,342,645,mean,dynamic
19,11.8,100,22.725,22.725,56,55.061,std,dynamic
20,67.56,100,144.281,144.281,342,645,mean,dynamic
20,10.68,100,24.086,24.086,56,55.061,std,dynamic
21,58.78,100,145.344,145.344,342,645,mean,dynamic
21,9.11,100,23.445,23.445,56,55.061,std,dynamic
22,52.12,100,144.438,144.438,342,645,mean,dynamic
22,8.01,100,24.672,24.672,56,55.061,std,dynamic
23,45.81,100,144.719,144.719,342,645,mean,dynamic
23,7.04,100,24.724,24.724,56,55.061,std,dynamic
24,39.34,100,145.625,145.625,342,645,mean,dynamic
24,6.6,100,27.196,27.196,56,55.061,std,dynamic
25,33.94,100,145.344,145.344,342,645,mean,dynamic
25,6.64,100,23.339,23.339,56,55.061,std,dynamic
26,29.12,100,147.688,147.688,342,645,mean,dynamic
26,6.14,100,27.065,27.065,56,55.061,std,dynamic
27,25.5,100,146.312,146.312,342,645,mean,dynamic
27,5.68,100,29.342,29.342,56,55.061,std,dynamic
28,22.03,100,141.25,141.25,342,645,mean,dynamic
28,4.65,100,29.346,29.346,56,55.061,std,dynamic
29,18.97,100,145.125,145.125,342,645,mean,dynamic
29,4.17,100,25.952,25.952,56,55.061,std,dynamic
30,16.03,100,145.062,145.062,342,645,mean,dynamic
30,4.07,100,28.404,28.404,56,55.061,std,dynamic
31,13.75,100,143.5,143.5,342,645,mean,dynamic
31,3.61,100,29.712,29.712,56,55.061,std,dynamic
32,12.19,100,143.656,143.656,342,645,mean,dynamic
32,3.84,100,25.4,25.4,56,55.061,std,dynamic
33,10.75,100,143.375,143.375,342,645,mean,dynamic
33,3.74,100,31.406,31.406,56,55.061,std,dynamic
34,9.44,100,143.625,143.625,342,645,mean,dynamic
34,3.45,100,29.49,29.49,56,55.061,std,dynamic
35,8.19,100,144.219,144.219,342,645,mean,dynamic
35,2.99,100,30.709,30.709,56,55.061,std,dynamic
36,7.06,100,144.469,144.469,342,645,mean,dynamic
36,2.83,100,28.388,28.388,56,55.061,std,dynamic
37,5.72,100,145.062,145.062,342,645,mean,dynamic
37,2.39,100,32.715,32.715,56,55.061,std,dynamic
38,4.91,100,150.094,150.094,342,645,mean,dynamic
38,2.32,100,31.76,31.76,56,55.061,std,dynamic
39,4.0,100,144.0,144.0,342,645,mean,dynamic
39,2.15,100,34.384,34.384,56,55.061,std,dynamic
40,3.41,100,145.188,145.188,342,645,mean,dynamic
40,1.66,100,31.973,31.973,56,55.061,std,dynamic
41,3.12,100,142.781,142.781,342,645,mean,dynamic
41,1.43,100,34.154,34.154,56,55.061,std,dynamic
42,2.66,100,146.25,146.25,342,645,mean,dynamic
42,1.45,100,31.311,31.311,56,55.061,std,dynamic
43,2.22,100,144.25,144.25,342,645,mean,dynamic
43,1.29,100,34.326,34.326,56,55.061,std,dynamic
0,5.0,200,0.0,0.0,327,665,mean,static
0,0.0,200,0.0,0.0,85,82.838,std,static
1,7.69,200,234.656,234.656,327,665,mean,static
1,1.4,200,21.588,21.588,85,82.838,std,static
2,14.84,200,302.031,302.031,327,665,mean,static
2,6.0,200,24.439,24.439,85,82.838,std,static
3,25.91,200,329.938,329.938,327,665,mean,static
3,13.75,200,27.687,27.687,85,82.838,std,static
4,39.88,200,343.406,343.406,327,665,mean,static
4,23.47,200,26.758,26.758,85,82.838,std,static
5,58.69,200,345.594,345.594,327,665,mean,static
5,31.37,200,24.921,24.921,85,82.838,std,static
6,80.72,200,350.312,350.312,327,665,mean,static
6,40.66,200,26.391,26.391,85,82.838,std,static
7,104.59,200,334.531,334.531,327,665,mean,static
7,50.48,200,27.89,27.89,85,82.838,std,static
8,126.06,200,325.062,325.062,327,665,mean,static
8,55.74,200,28.548,28.548,85,82.838,std,static
9,139.28,200,315.938,315.938,327,665,mean,static
9,54.34,200,24.952,24.952,85,82.838,std,static
10,146.19,200,308.344,308.344,327,665,mean,static
10,53.47,200,28.764,28.764,85,82.838,std,static
11,145.53,200,294.844,294.844,327,665,mean,static
11,48.47,200,33.005,33.005,85,82.838,std,static
12,144.91,200,288.5,288.5,327,665,mean,static
12,45.05,200,31.407,31.407,85,82.838,std,static
13,136.44,200,277.031,277.031,327,665,mean,static
13,40.24,200,34.173,34.173,85,82.838,std,static
14,127.47,200,271.781,271.781,327,665,mean,static
14,34.12,200,32.885,32.885,85,82.838,std,static
15,118.72,200,264.875,264.875,327,665,mean,static
15,29.33,200,39.3,39.3,85,82.838,std,static
16,108.22,200,261.969,261.969,327,665,mean,static
16,24.61,200,36.139,36.139,85,82.838,std,static
17,97.31,200,256.031,256.031,327,665,mean,static
17,21.91,200,39.588,39.588,85,82.838,std,static
18,87.88,200,250.469,250.469,327,665,mean,static
18,19.51,200,38.14,38.14,85,82.838,std,static
19,80.09,200,247.125,247.125,327,665,mean,static
19,17.15,200,43.513,43.513,85,82.838,std,static
20,71.88,200,249.062,249.062,327,665,mean,static
20,14.78,200,42.928,42.928,85,82.838,std,static
21,61.47,200,242.969,242.969,327,665,mean,static
21,12.02,200,42.85,42.85,85,82.838,std,static
22,53.72,200,238.812,238.812,327,665,mean,static
22,10.08,200,42.352,42.352,85,82.838,std,static
23,45.31,200,236.906,236.906,327,665,mean,static
23,8.68,200,47.037,47.037,85,82.838,std,static
24,39.66,200,236.312,236.312,327,665,mean,static
24,8.1,200,44.752,44.752,85,82.838,std,static
25,35.0,200,234.25,234.25,327,665,mean,static
25,7.73,200,48.237,48.237,85,82.838,std,static
26,31.56,200,232.812,232.812,327,665,mean,static
26,7.45,200,46.876,46.876,85,82.838,std,static
27,27.56,200,230.188,230.188,327,665,mean,static
27,6.91,200,49.443,49.443,85,82.838,std,static
28,23.53,200,225.5,225.5,327,665,mean,static
28,5.81,200,53.001,53.001,85,82.838,std,static
29,20.62,200,225.188,225.188,327,665,mean,static
29,5.46,200,51.774,51.774,85,82.838,std,static
30,17.84,200,222.938,222.938,327,665,mean,static
30,4.84,200,50.515,50.515,85,82.838,std,static
31,15.22,200,224.094,224.094,327,665,mean,static
31,4.34,200,51.003,51.003,85,82.838,std,static
32,13.16,200,220.0,220.0,327,665,mean,static
32,4.0,200,52.629,52.629,85,82.838,std,static
33,11.56,200,224.906,224.906,327,665,mean,static
33,3.46,200,55.258,55.258,85,82.838,std,static
34,10.0,200,222.688,222.688,327,665,mean,static
34,3.43,200,53.692,53.692,85,82.838,std,static
35,8.28,200,220.531,220.531,327,665,mean,static
35,2.99,200,53.701,53.701,85,82.838,std,static
36,7.0,200,217.0,217.0,327,665,mean,static
36,2.73,200,53.253,53.253,85,82.838,std,static
37,6.09,200,220.438,220.438,327,665,mean,static
37,2.67,200,58.334,58.334,85,82.838,std,static
38,5.31,200,218.281,218.281,327,665,mean,static
38,2.51,200,56.344,56.344,85,82.838,std,static
39,4.66,200,213.781,213.781,327,665,mean,static
39,2.39,200,52.821,52.821,85,82.838,std,static
40,3.91,200,216.125,216.125,327,665,mean,static
40,2.07,200,55.36,55.36,85,82.838,std,static
41,3.44,200,215.469,215.469,327,665,mean,static
41,2.12,200,55.852,55.852,85,82.838,std,static
0,5.0,200,0.0,0.0,343,634,mean,dynamic
0,0.0,200,0.0,0.0,83,76.568,std,dynamic
1,6.59,200,142.688,142.688,343,634,mean,dynamic
1,1.83,200,16.846,16.846,83,76.568,std,dynamic
2,11.47,200,182.688,182.688,343,634,mean,dynamic
2,6.38,200,18.358,18.358,83,76.568,std,dynamic
3,22.28,200,209.406,209.406,343,634,mean,dynamic
3,13.56,200,22.898,22.898,83,76.568,std,dynamic
4,37.03,200,219.656,219.656,343,634,mean,dynamic
4,22.72,200,23.271,23.271,83,76.568,std,dynamic
5,56.97,200,221.344,221.344,343,634,mean,dynamic
5,34.2,200,23.983,23.983,83,76.568,std,dynamic
6,82.72,200,222.688,222.688,343,634,mean,dynamic
6,47.04,200,22.625,22.625,83,76.568,std,dynamic
7,107.69,200,220.938,220.938,343,634,mean,dynamic
7,56.68,200,19.607,19.607,83,76.568,std,dynamic
8,124.25,200,218.625,218.625,343,634,mean,dynamic
8,60.17,200,19.152,19.152,83,76.568,std,dynamic
9,137.0,200,211.156,211.156,343,634,mean,dynamic
9,60.49,200,20.126,20.126,83,76.568,std,dynamic
10,142.94,200,209.25,209.25,343,634,mean,dynamic
10,56.06,200,20.726,20.726,83,76.568,std,dynamic
11,145.16,200,204.688,204.688,343,634,mean,dynamic
11,51.17,200,22.145,22.145,83,76.568,std,dynamic
12,143.38,200,204.344,204.344,343,634,mean,dynamic
12,47.81,200,19.525,19.525,83,76.568,std,dynamic
13,139.16,200,201.406,201.406,343,634,mean,dynamic
13,40.33,200,24.435,24.435,83,76.568,std,dynamic
14,132.25,200,197.312,197.312,343,634,mean,dynamic
14,34.09,200,29.187,29.187,83,76.568,std,dynamic
15,123.44,200,194.469,194.469,343,634,mean,dynamic
15,28.3,200,29.896,29.896,83,76.568,std,dynamic
16,113.31,200,196.438,196.438,343,634,mean,dynamic
16,24.09,200,28.161,28.161,83,76.568,std,dynamic
17,102.66,200,194.875,194.875,343,634,mean,dynamic
17,19.77,200,30.62,30.62,83,76.568,std,dynamic
18,93.94,200,189.438,189.438,343,634,mean,dynamic
18,17.21,200,32.036,32.036,83,76.568,std,dynamic
19,81.94,200,189.094,189.094,343,634,mean,dynamic
19,14.61,200,33.184,33.184,83,76.568,std,dynamic
20,73.34,200,187.375,187.375,343,634,mean,dynamic
20,13.18,200,31.579,31.579,83,76.568,std,dynamic
21,66.47,200,187.969,187.969,343,634,mean,dynamic
21,10.52,200,35.748,35.748,83,76.568,std,dynamic
22,58.53,200,187.812,187.812,343,634,mean,dynamic
22,10.04,200,33.878,33.878,83,76.568,std,dynamic
23,51.75,200,185.969,185.969,343,634,mean,dynamic
23,9.27,200,36.065,36.065,83,76.568,std,dynamic
24,46.28,200,188.125,188.125,343,634,mean,dynamic
24,8.44,200,36.182,36.182,83,76.568,std,dynamic
25,40.19,200,187.719,187.719,343,634,mean,dynamic
25,8.65,200,38.797,38.797,83,76.568,std,dynamic
26,34.62,200,184.625,184.625,343,634,mean,dynamic
26,7.97,200,37.936,37.936,83,76.568,std,dynamic
27,29.81,200,182.906,182.906,343,634,mean,dynamic
27,7.82,200,34.721,34.721,83,76.568,std,dynamic
28,26.56,200,180.344,180.344,343,634,mean,dynamic
28,7.36,200,38.327,38.327,83,76.568,std,dynamic
29,23.0,200,182.125,182.125,343,634,mean,dynamic
29,6.64,200,38.142,38.142,83,76.568,std,dynamic
30,20.09,200,182.906,182.906,343,634,mean,dynamic
30,6.21,200,41.827,41.827,83,76.568,std,dynamic
31,17.72,200,180.844,180.844,343,634,mean,dynamic
31,5.18,200,41.109,41.109,83,76.568,std,dynamic
32,14.75,200,182.188,182.188,343,634,mean,dynamic
32,4.66,200,41.024,41.024,83,76.568,std,dynamic
33,12.94,200,183.656,183.656,343,634,mean,dynamic
33,4.12,200,42.182,42.182,83,76.568,std,dynamic
34,11.28,200,179.812,179.812,343,634,mean,dynamic
34,3.98,200,44.399,44.399,83,76.568,std,dynamic
35,9.66,200,178.312,178.312,343,634,mean,dynamic
35,3.8,200,42.111,42.111,83,76.568,std,dynamic
36,8.31,200,177.562,177.562,343,634,mean,dynamic
36,3.48,200,45.455,45.455,83,76.568,std,dynamic
37,7.31,200,177.188,177.188,343,634,mean,dynamic
37,3.15,200,42.679,42.679,83,76.568,std,dynamic
38,6.22,200,178.688,178.688,343,634,mean,dynamic
38,2.97,200,43.901,43.901,83,76.568,std,dynamic
0,5.0,300,0.0,0.0,335,652,mean,static
0,0.0,300,0.0,0.0,114,107.799,std,static
1,7.06,300,288.906,288.906,335,652,mean,static
1,1.89,300,23.477,23.477,114,107.799,std,static
2,13.38,300,374.0,374.0,335,652,mean,static
2,7.47,300,29.949,29.949,114,107.799,std,static
3,23.53,300,412.781,412.781,335,652,mean,static
3,15.68,300,33.887,33.887,114,107.799,std,static
4,36.47,300,415.156,415.156,335,652,mean,static
4,25.34,300,31.7,31.7,114,107.799,std,static
5,55.28,300,422.969,422.969,335,652,mean,static
5,37.78,300,33.805,33.805,114,107.799,std,static
6,78.0,300,410.562,410.562,335,652,mean,static
6,47.81,300,28.658,28.658,114,107.799,std,static
7,99.62,300,397.188,397.188,335,652,mean,static
7,60.21,300,32.592,32.592,114,107.799,std,static
8,119.38,300,383.375,383.375,335,652,mean,static
8,67.6,300,32.154,32.154,114,107.799,std,static
9,132.84,300,369.031,369.031,335,652,mean,static
9,69.46,300,32.918,32.918,114,107.799,std,static
10,140.88,300,360.031,360.031,335,652,mean,static
10,70.22,300,34.547,34.547,114,107.799,std,static
11,145.41,300,345.125,345.125,335,652,mean,static
11,67.12,300,36.601,36.601,114,107.799,std,static
12,144.19,300,336.344,336.344,335,652,mean,static
12,61.63,300,39.152,39.152,114,107.799,std,static
13,140.5,300,326.344,326.344,335,652,mean,static
13,56.04,300,38.791,38.791,114,107.799,std,static
14,133.38,300,320.125,320.125,335,652,mean,static
14,50.12,300,45.507,45.507,114,107.799,std,static
15,124.78,300,310.062,310.062,335,652,mean,static
15,44.28,300,47.878,47.878,114,107.799,std,static
16,112.97,300,308.094,308.094,335,652,mean,static
16,38.67,300,47.067,47.067,114,107.799,std,static
17,103.91,300,298.188,298.188,335,652,mean,static
17,33.23,300,50.959,50.959,114,107.799,std,static
18,94.41,300,294.344,294.344,335,652,mean,static
18,29.43,300,52.388,52.388,114,107.799,std,static
19,83.94,300,289.312,289.312,335,652,mean,static
19,24.96,300,56.709,56.709,114,107.799,std,static
20,75.78,300,285.562,285.562,335,652,mean,static
20,21.66,300,61.638,61.638,114,107.799,std,static
21,68.53,300,279.156,279.156,335,652,mean,static
21,17.9,300,61.171,61.171,114,107.799,std,static
22,60.56,300,278.0,278.0,335,652,mean,static
22,15.64,300,58.732,58.732,114,107.799,std,static
23,52.56,300,274.469,274.469,335,652,mean,static
23,12.44,300,60.006,60.006,114,107.799,std,static
24,46.59,300,270.688,270.688,335,652,mean,static
24,11.37,300,60.946,60.946,114,107.799,std,static
25,40.88,300,265.531,265.531,335,652,mean,static
25,9.89,300,63.437,63.437,114,107.799,std,static
26,36.72,300,266.031,266.031,335,652,mean,static
26,9.0,300,65.453,65.453,114,107.799,std,static
27,32.19,300,264.719,264.719,335,652,mean,static
27,8.19,300,69.621,69.621,114,107.799,std,static
28,28.09,300,263.062,263.062,335,652,mean,static
28,6.92,300,69.111,69.111,114,107.799,std,static
29,24.25,300,256.406,256.406,335,652,mean,static
29,5.61,300,70.156,70.156,114,107.799,std,static
30,20.56,300,257.344,257.344,335,652,mean,static
30,4.87,300,69.538,69.538,114,107.799,std,static
31,17.44,300,258.406,258.406,335,652,mean,static
31,4.22,300,71.229,71.229,114,107.799,std,static
32,15.16,300,254.375,254.375,335,652,mean,static
32,3.71,300,70.518,70.518,114,107.799,std,static
33,13.09,300,256.625,256.625,335,652,mean,static
33,3.09,300,71.537,71.537,114,107.799,std,static
34,11.22,300,250.688,250.688,335,652,mean,static
34,2.88,300,73.538,73.538,114,107.799,std,static
35,9.59,300,249.219,249.219,335,652,mean,static
35,2.54,300,73.512,73.512,114,107.799,std,static
36,8.62,300,249.344,249.344,335,652,mean,static
36,2.57,300,73.347,73.347,114,107.799,std,static
37,7.69,300,245.562,245.562,335,652,mean,static
37,2.67,300,74.927,74.927,114,107.799,std,static
38,6.53,300,248.688,248.688,335,652,mean,static
38,2.67,300,75.194,75.194,114,107.799,std,static
39,5.78,300,247.531,247.531,335,652,mean,static
39,2.59,300,74.994,74.994,114,107.799,std,static
0,5.0,300,0.0,0.0,376,601,mean,dynamic
0,0.0,300,0.0,0.0,67,62.541,std,dynamic
1,6.28,300,175.094,175.094,376,601,mean,dynamic
1,1.61,300,20.835,20.835,67,62.541,std,dynamic
2,9.62,300,219.906,219.906,376,601,mean,dynamic
2,4.22,300,20.542,20.542,67,62.541,std,dynamic
3,16.97,300,254.594,254.594,376,601,mean,dynamic
3,9.75,300,24.654,24.654,67,62.541,std,dynamic
4,29.59,300,266.594,266.594,376,601,mean,dynamic
4,18.37,300,16.498,16.498,67,62.541,std,dynamic
5,45.81,300,266.75,266.75,376,601,mean,dynamic
5,27.88,300,17.783,17.783,67,62.541,std,dynamic
6,66.31,300,271.5,271.5,376,601,mean,dynamic
6,38.62,300,18.038,18.038,67,62.541,std,dynamic
7,89.44,300,266.531,266.531,376,601,mean,dynamic
7,48.36,300,22.443,22.443,67,62.541,std,dynamic
8,112.22,300,264.625,264.625,376,601,mean,dynamic
8,53.82,300,17.637,17.637,67,62.541,std,dynamic
9,131.22,300,257.656,257.656,376,601,mean,dynamic
9,53.28,300,18.814,18.814,67,62.541,std,dynamic
10,146.56,300,254.875,254.875,376,601,mean,dynamic
10,51.81,300,24.052,24.052,67,62.541,std,dynamic
11,157.12,300,245.219,245.219,376,601,mean,dynamic
11,47.1,300,23.482,23.482,67,62.541,std,dynamic
12,161.62,300,244.188,244.188,376,601,mean,dynamic
12,40.39,300,23.641,23.641,67,62.541,std,dynamic
13,158.38,300,240.0,240.0,376,601,mean,dynamic
13,33.93,300,25.706,25.706,67,62.541,std,dynamic
14,151.62,300,238.562,238.562,376,601,mean,dynamic
14,29.75,300,24.337,24.337,67,62.541,std,dynamic
15,143.88,300,236.406,236.406,376,601,mean,dynamic
15,24.92,300,26.714,26.714,67,62.541,std,dynamic
16,134.28,300,234.281,234.281,376,601,mean,dynamic
16,20.07,300,27.526,27.526,67,62.541,std,dynamic
17,123.06,300,230.812,230.812,376,601,mean,dynamic
17,16.49,300,24.703,24.703,67,62.541,std,dynamic
18,112.09,300,229.094,229.094,376,601,mean,dynamic
18,15.59,300,25.098,25.098,67,62.541,std,dynamic
19,101.56,300,229.938,229.938,376,601,mean,dynamic
19,13.49,300,31.812,31.812,67,62.541,std,dynamic
20,91.78,300,226.438,226.438,376,601,mean,dynamic
20,11.92,300,30.698,30.698,67,62.541,std,dynamic
21,80.75,300,225.375,225.375,376,601,mean,dynamic
21,11.78,300,30.313,30.313,67,62.541,std,dynamic
22,70.84,300,226.75,226.75,376,601,mean,dynamic
22,12.06,300,31.96,31.96,67,62.541,std,dynamic
23,63.38,300,225.25,225.25,376,601,mean,dynamic
23,11.59,300,31.188,31.188,67,62.541,std,dynamic
24,55.75,300,222.406,222.406,376,601,mean,dynamic
24,11.75,300,31.05,31.05,67,62.541,std,dynamic
25,48.59,300,222.812,222.812,376,601,mean,dynamic
25,10.21,300,33.008,33.008,67,62.541,std,dynamic
26,41.94,300,223.469,223.469,376,601,mean,dynamic
26,9.29,300,32.076,32.076,67,62.541,std,dynamic
27,37.03,300,223.688,223.688,376,601,mean,dynamic
27,9.15,300,37.098,37.098,67,62.541,std,dynamic
28,31.38,300,222.5,222.5,376,601,mean,dynamic
28,7.93,300,34.968,34.968,67,62.541,std,dynamic
29,27.53,300,222.562,222.562,376,601,mean,dynamic
29,7.81,300,34.098,34.098,67,62.541,std,dynamic
30,23.75,300,221.219,221.219,376,601,mean,dynamic
30,6.44,300,36.355,36.355,67,62.541,std,dynamic
31,20.66,300,218.844,218.844,376,601,mean,dynamic
31,5.92,300,35.514,35.514,67,62.541,std,dynamic
32,17.44,300,215.562,215.562,376,601,mean,dynamic
32,4.87,300,36.315,36.315,67,62.541,std,dynamic
33,15.0,300,220.812,220.812,376,601,mean,dynamic
33,4.89,300,38.155,38.155,67,62.541,std,dynamic
34,12.88,300,217.125,217.125,376,601,mean,dynamic
34,4.59,300,37.761,37.761,67,62.541,std,dynamic
35,11.31,300,217.188,217.188,376,601,mean,dynamic
35,3.99,300,39.774,39.774,67,62.541,std,dynamic
36,9.66,300,218.062,218.062,376,601,mean,dynamic
36,3.57,300,38.731,38.731,67,62.541,std,dynamic
37,8.25,300,216.5,216.5,376,601,mean,dynamic
37,2.83,300,37.378,37.378,67,62.541,std,dynamic
38,7.06,300,217.281,217.281,376,601,mean,dynamic
38,2.55,300,38.154,38.154,67,62.541,std,dynamic
39,5.94,300,217.844,217.844,376,601,mean,dynamic
39,2.42,300,38.468,38.468,67,62.541,std,dynamic
40,5.0,300,214.688,214.688,376,601,mean,dynamic
40,2.33,300,40.214,40.214,67,62.541,std,dynamic
41,4.12,300,218.625,218.625,376,601,mean,dynamic
41,1.95,300,39.5,39.5,67,62.541,std,dynamic
42,3.53,300,219.781,219.781,376,601,mean,dynamic
42,1.52,300,41.785,41.785,67,62.541,std,dynamic
43,2.97,300,215.562,215.562,376,601,mean,dynamic
43,1.29,300,41.431,41.431,67,62.541,std,dynamic
0,5.0,400,0.0,0.0,395,594,mean,static
0,0.0,400,0.0,0.0,70,68.914,std,static
1,7.91,400,308.25,308.25,395,594,mean,static
1,2.21,400,22.336,22.336,70,68.914,std,static
2,15.94,400,410.688,410.688,395,594,mean,static
2,7.28,400,21.615,21.615,70,68.914,std,static
3,26.5,400,455.094,455.094,395,594,mean,static
3,13.79,400,27.709,27.709,70,68.914,std,static
4,42.28,400,457.969,457.969,395,594,mean,static
4,21.17,400,22.582,22.582,70,68.914,std,static
5,66.19,400,458.25,458.25,395,594,mean,static
5,32.45,400,25.637,25.637,70,68.914,std,static
6,92.5,400,451.562,451.562,395,594,mean,static
6,41.16,400,29.868,29.868,70,68.914,std,static
7,122.56,400,433.125,433.125,395,594,mean,static
7,50.68,400,26.334,26.334,70,68.914,std,static
8,145.16,400,423.5,423.5,395,594,mean,static
8,52.85,400,28.825,28.825,70,68.914,std,static
9,160.28,400,411.281,411.281,395,594,mean,static
9,48.34,400,22.141,22.141,70,68.914,std,static
10,168.97,400,401.625,401.625,395,594,mean,static
10,45.35,400,25.045,25.045,70,68.914,std,static
11,173.22,400,388.156,388.156,395,594,mean,static
11,40.76,400,29.189,29.189,70,68.914,std,static
12,172.22,400,380.406,380.406,395,594,mean,static
12,36.72,400,26.365,26.365,70,68.914,std,static
13,166.22,400,368.219,368.219,395,594,mean,static
13,31.24,400,27.929,27.929,70,68.914,std,static
14,156.22,400,364.094,364.094,395,594,mean,static
14,25.3,400,30.861,30.861,70,68.914,std,static
15,145.59,400,358.219,358.219,395,594,mean,static
15,22.82,400,35.019,35.019,70,68.914,std,static
16,132.25,400,351.438,351.438,395,594,mean,static
16,20.75,400,35.206,35.206,70,68.914,std,static
17,119.75,400,343.312,343.312,395,594,mean,static
17,18.32,400,32.129,32.129,70,68.914,std,static
18,106.97,400,342.438,342.438,395,594,mean,static
18,16.19,400,36.831,36.831,70,68.914,std,static
19,95.84,400,336.438,336.438,395,594,mean,static
19,15.37,400,39.579,39.579,70,68.914,std,static
20,85.62,400,332.562,332.562,395,594,mean,static
20,12.48,400,42.852,42.852,70,68.914,std,static
21,75.41,400,330.875,330.875,395,594,mean,static
21,11.18,400,39.632,39.632,70,68.914,std,static
22,65.47,400,326.344,326.344,395,594,mean,static
22,9.64,400,43.555,43.555,70,68.914,std,static
23,56.75,400,323.688,323.688,395,594,mean,static
23,9.55,400,42.421,42.421,70,68.914,std,static
24,49.72,400,320.5,320.5,395,594,mean,static
24,9.15,400,44.611,44.611,70,68.914,std,static
25,43.72,400,317.75,317.75,395,594,mean,static
25,8.49,400,45.691,45.691,70,68.914,std,static
26,38.69,400,315.312,315.312,395,594,mean,static
26,8.01,400,48.277,48.277,70,68.914,std,static
27,33.38,400,308.219,308.219,395,594,mean,static
27,7.24,400,46.64,46.64,70,68.914,std,static
28,28.88,400,310.719,310.719,395,594,mean,static
28,6.72,400,44.586,44.586,70,68.914,std,static
29,25.12,400,312.125,312.125,395,594,mean,static
29,5.82,400,48.287,48.287,70,68.914,std,static
30,21.25,400,306.438,306.438,395,594,mean,static
30,5.9,400,46.083,46.083,70,68.914,std,static
31,18.47,400,308.938,308.938,395,594,mean,static
31,5.1,400,47.574,47.574,70,68.914,std,static
32,15.84,400,306.375,306.375,395,594,mean,static
32,4.78,400,47.125,47.125,70,68.914,std,static
33,13.56,400,302.781,302.781,395,594,mean,static
33,4.66,400,47.358,47.358,70,68.914,std,static
34,11.34,400,302.469,302.469,395,594,mean,static
34,3.81,400,48.707,48.707,70,68.914,std,static
35,9.75,400,300.656,300.656,395,594,mean,static
35,3.47,400,47.154,47.154,70,68.914,std,static
36,8.03,400,299.281,299.281,395,594,mean,static
36,3.21,400,46.258,46.258,70,68.914,std,static
37,6.91,400,296.781,296.781,395,594,mean,static
37,2.87,400,49.854,49.854,70,68.914,std,static
38,5.91,400,297.344,297.344,395,594,mean,static
38,2.53,400,49.177,49.177,70,68.914,std,static
39,5.25,400,296.75,296.75,395,594,mean,static
39,2.37,400,48.021,48.021,70,68.914,std,static
40,4.62,400,294.938,294.938,395,594,mean,static
40,2.25,400,49.455,49.455,70,68.914,std,static
41,3.97,400,294.906,294.906,395,594,mean,static
41,2.23,400,51.216,51.216,70,68.914,std,static
0,5.0,400,0.0,0.0,417,564,mean,dynamic
0,0.0,400,0.0,0.0,50,46.414,std,dynamic
1,7.75,400,190.062,190.062,417,564,mean,dynamic
1,2.25,400,20.126,20.126,50,46.414,std,dynamic
2,12.53,400,247.781,247.781,417,564,mean,dynamic
2,6.15,400,24.359,24.359,50,46.414,std,dynamic
3,21.5,400,276.812,276.812,417,564,mean,dynamic
3,12.28,400,18.404,18.404,50,46.414,std,dynamic
4,35.34,400,293.625,293.625,417,564,mean,dynamic
4,22.31,400,22.131,22.131,50,46.414,std,dynamic
5,54.81,400,290.875,290.875,417,564,mean,dynamic
5,32.42,400,21.581,21.581,50,46.414,std,dynamic
6,77.25,400,290.062,290.062,417,564,mean,dynamic
6,41.65,400,15.791,15.791,50,46.414,std,dynamic
7,98.28,400,284.125,284.125,417,564,mean,dynamic
7,47.34,400,16.064,16.064,50,46.414,std,dynamic
8,123.12,400,285.938,285.938,417,564,mean,dynamic
8,52.19,400,17.326,17.326,50,46.414,std,dynamic
9,143.81,400,280.469,280.469,417,564,mean,dynamic
9,50.3,400,18.057,18.057,50,46.414,std,dynamic
10,162.28,400,278.656,278.656,417,564,mean,dynamic
10,44.91,400,17.231,17.231,50,46.414,std,dynamic
11,174.44,400,269.781,269.781,417,564,mean,dynamic
11,39.15,400,18.454,18.454,50,46.414,std,dynamic
12,177.75,400,267.781,267.781,417,564,mean,dynamic
12,32.42,400,21.382,21.382,50,46.414,std,dynamic
13,175.25,400,265.844,265.844,417,564,mean,dynamic
13,27.88,400,21.063,21.063,50,46.414,std,dynamic
14,168.84,400,262.844,262.844,417,564,mean,dynamic
14,22.15,400,19.071,19.071,50,46.414,std,dynamic
15,159.81,400,262.719,262.719,417,564,mean,dynamic
15,17.67,400,26.744,26.744,50,46.414,std,dynamic
16,148.72,400,257.75,257.75,417,564,mean,dynamic
16,16.12,400,20.488,20.488,50,46.414,std,dynamic
17,136.66,400,258.344,258.344,417,564,mean,dynamic
17,15.74,400,24.715,24.715,50,46.414,std,dynamic
18,124.81,400,255.875,255.875,417,564,mean,dynamic
18,16.72,400,28.708,28.708,50,46.414,std,dynamic
19,111.62,400,257.781,257.781,417,564,mean,dynamic
19,15.41,400,29.187,29.187,50,46.414,std,dynamic
20,98.84,400,256.156,256.156,417,564,mean,dynamic
20,15.49,400,25.282,25.282,50,46.414,std,dynamic
21,88.34,400,258.094,258.094,417,564,mean,dynamic
21,14.86,400,27.03,27.03,50,46.414,std,dynamic
22,78.84,400,252.656,252.656,417,564,mean,dynamic
22,13.5,400,27.854,27.854,50,46.414,std,dynamic
23,68.69,400,253.312,253.312,417,564,mean,dynamic
23,12.22,400,31.993,31.993,50,46.414,std,dynamic
24,60.28,400,254.25,254.25,417,564,mean,dynamic
24,11.3,400,32.034,32.034,50,46.414,std,dynamic
25,52.5,400,252.719,252.719,417,564,mean,dynamic
25,10.62,400,32.017,32.017,50,46.414,std,dynamic
26,46.22,400,253.0,253.0,417,564,mean,dynamic
26,9.9,400,30.89,30.89,50,46.414,std,dynamic
27,40.31,400,252.438,252.438,417,564,mean,dynamic
27,9.07,400,30.485,30.485,50,46.414,std,dynamic
28,35.34,400,253.031,253.031,417,564,mean,dynamic
28,8.08,400,34.508,34.508,50,46.414,std,dynamic
29,30.62,400,252.5,252.5,417,564,mean,dynamic
29,6.92,400,33.334,33.334,50,46.414,std,dynamic
30,26.5,400,251.344,251.344,417,564,mean,dynamic
30,7.15,400,31.672,31.672,50,46.414,std,dynamic
31,23.16,400,248.938,248.938,417,564,mean,dynamic
31,6.59,400,31.701,31.701,50,46.414,std,dynamic
32,20.19,400,252.312,252.312,417,564,mean,dynamic
32,5.84,400,33.156,33.156,50,46.414,std,dynamic
33,17.59,400,252.875,252.875,417,564,mean,dynamic
33,5.38,400,33.94,33.94,50,46.414,std,dynamic
34,15.44,400,251.625,251.625,417,564,mean,dynamic
34,4.75,400,31.984,31.984,50,46.414,std,dynamic
35,13.03,400,250.812,250.812,417,564,mean,dynamic
35,4.36,400,33.708,33.708,50,46.414,std,dynamic
36,11.31,400,248.812,248.812,417,564,mean,dynamic
36,4.21,400,34.614,34.614,50,46.414,std,dynamic
37,10.09,400,249.625,249.625,417,564,mean,dynamic
37,4.05,400,36.994,36.994,50,46.414,std,dynamic
38,8.38,400,252.375,252.375,417,564,mean,dynamic
38,3.53,400,35.889,35.889,50,46.414,std,dynamic
39,7.19,400,247.562,247.562,417,564,mean,dynamic
39,2.98,400,37.442,37.442,50,46.414,std,dynamic
40,6.25,400,248.781,248.781,417,564,mean,dynamic
40,2.4,400,38.023,38.023,50,46.414,std,dynamic
41,5.47,400,248.375,248.375,417,564,mean,dynamic
41,2.11,400,36.874,36.874,50,46.414,std,dynamic
42,4.69,400,249.906,249.906,417,564,mean,dynamic
42,1.88,400,37.379,37.379,50,46.414,std,dynamic
43,4.28,400,249.25,249.25,417,564,mean,dynamic
43,1.72,400,34.146,34.146,50,46.414,std,dynamic
44,3.91,400,246.906,246.906,417,564,mean,dynamic
44,1.68,400,38.52,38.52,50,46.414,std,dynamic
45,3.06,400,249.875,249.875,417,564,mean,dynamic
45,1.37,400,37.516,37.516,50,46.414,std,dynamic
46,2.56,400,246.062,246.062,417,564,mean,dynamic
46,1.32,400,39.156,39.156,50,46.414,std,dynamic
47,2.03,400,245.625,245.625,417,564,mean,dynamic
47,1.31,400,39.42,39.42,50,46.414,std,dynamic
0,5.0,500,0.0,0.0,445,542,mean,static
0,0.0,500,0.0,0.0,77,77.601,std,static
1,8.47,500,319.938,319.938,445,542,mean,static
1,1.9,500,22.59,22.59,77,77.601,std,static
2,19.22,500,429.156,429.156,445,542,mean,static
2,7.24,500,25.08,25.08,77,77.601,std,static
3,36.69,500,479.875,479.875,445,542,mean,static
3,17.26,500,26.312,26.312,77,77.601,std,static
4,58.69,500,488.031,488.031,445,542,mean,static
4,26.78,500,26.324,26.324,77,77.601,std,static
5,89.84,500,489.344,489.344,445,542,mean,static
5,37.51,500,28.73,28.73,77,77.601,std,static
6,121.16,500,483.312,483.312,445,542,mean,static
6,46.27,500,28.737,28.737,77,77.601,std,static
7,153.0,500,466.969,466.969,445,542,mean,static
7,56.4,500,29.064,29.064,77,77.601,std,static
8,178.56,500,462.469,462.469,445,542,mean,static
8,57.15,500,32.809,32.809,77,77.601,std,static
9,192.44,500,444.5,444.5,445,542,mean,static
9,55.99,500,36.617,36.617,77,77.601,std,static
10,198.78,500,434.5,434.5,445,542,mean,static
10,53.17,500,36.341,36.341,77,77.601,std,static
11,199.19,500,427.188,427.188,445,542,mean,static
11,46.75,500,40.717,40.717,77,77.601,std,static
12,190.75,500,419.094,419.094,445,542,mean,static
12,39.36,500,38.961,38.961,77,77.601,std,static
13,181.72,500,410.0,410.0,445,542,mean,static
13,34.94,500,42.202,42.202,77,77.601,std,static
14,171.03,500,404.562,404.562,445,542,mean,static
14,29.73,500,44.268,44.268,77,77.601,std,static
15,159.47,500,397.344,397.344,445,542,mean,static
15,25.84,500,46.899,46.899,77,77.601,std,static
16,144.97,500,388.719,388.719,445,542,mean,static
16,22.78,500,49.375,49.375,77,77.601,std,static
17,131.47,500,384.219,384.219,445,542,mean,static
17,18.76,500,46.496,46.496,77,77.601,std,static
18,117.59,500,380.625,380.625,445,542,mean,static
18,16.16,500,54.163,54.163,77,77.601,std,static
19,103.41,500,383.344,383.344,445,542,mean,static
19,13.98,500,55.995,55.995,77,77.601,std,static
20,90.81,500,375.75,375.75,445,542,mean,static
20,12.16,500,53.631,53.631,77,77.601,std,static
21,80.97,500,372.5,372.5,445,542,mean,static
21,10.56,500,49.559,49.559,77,77.601,std,static
22,70.41,500,369.156,369.156,445,542,mean,static
22,9.16,500,55.272,55.272,77,77.601,std,static
23,62.47,500,367.688,367.688,445,542,mean,static
23,7.75,500,55.505,55.505,77,77.601,std,static
24,55.31,500,367.938,367.938,445,542,mean,static
24,7.38,500,54.751,54.751,77,77.601,std,static
25,48.81,500,365.062,365.062,445,542,mean,static
25,7.29,500,57.337,57.337,77,77.601,std,static
26,42.25,500,362.375,362.375,445,542,mean,static
26,6.81,500,59.206,59.206,77,77.601,std,static
27,35.81,500,360.406,360.406,445,542,mean,static
27,6.53,500,60.506,60.506,77,77.601,std,static
28,30.78,500,358.562,358.562,445,542,mean,static
28,6.29,500,62.251,62.251,77,77.601,std,static
29,27.03,500,356.281,356.281,445,542,mean,static
29,5.71,500,62.272,62.272,77,77.601,std,static
30,23.62,500,357.031,357.031,445,542,mean,static
30,5.1,500,61.778,61.778,77,77.601,std,static
31,20.19,500,353.625,353.625,445,542,mean,static
31,4.67,500,62.227,62.227,77,77.601,std,static
32,17.16,500,350.125,350.125,445,542,mean,static
32,4.03,500,59.841,59.841,77,77.601,std,static
33,15.34,500,349.125,349.125,445,542,mean,static
33,4.39,500,59.554,59.554,77,77.601,std,static
34,13.28,500,348.625,348.625,445,542,mean,static
34,4.16,500,60.448,60.448,77,77.601,std,static
35,11.72,500,346.062,346.062,445,542,mean,static
35,3.66,500,58.254,58.254,77,77.601,std,static
36,10.19,500,346.0,346.0,445,542,mean,static
36,3.6,500,60.822,60.822,77,77.601,std,static
37,8.75,500,344.906,344.906,445,542,mean,static
37,3.14,500,60.048,60.048,77,77.601,std,static
38,7.75,500,344.531,344.531,445,542,mean,static
38,3.06,500,62.228,62.228,77,77.601,std,static
39,6.66,500,341.094,341.094,445,542,mean,static
39,2.9,500,63.179,63.179,77,77.601,std,static
40,5.72,500,340.625,340.625,445,542,mean,static
40,2.64,500,62.951,62.951,77,77.601,std,static
41,4.69,500,339.719,339.719,445,542,mean,static
41,2.42,500,63.967,63.967,77,77.601,std,static
0,5.0,500,0.0,0.0,442,539,mean,dynamic
0,0.0,500,0.0,0.0,57,52.655,std,dynamic
1,8.12,500,200.0,200.0,442,539,mean,dynamic
1,1.67,500,20.884,20.884,57,52.655,std,dynamic
2,13.81,500,251.812,251.812,442,539,mean,dynamic
2,4.67,500,23.49,23.49,57,52.655,std,dynamic
3,23.03,500,290.812,290.812,442,539,mean,dynamic
3,9.63,500,24.103,24.103,57,52.655,std,dynamic
4,37.94,500,298.094,298.094,442,539,mean,dynamic
4,17.47,500,21.946,21.946,57,52.655,std,dynamic
5,61.62,500,309.75,309.75,442,539,mean,dynamic
5,27.66,500,24.184,24.184,57,52.655,std,dynamic
6,90.62,500,311.188,311.188,442,539,mean,dynamic
6,40.36,500,24.002,24.002,57,52.655,std,dynamic
7,118.09,500,307.719,307.719,442,539,mean,dynamic
7,48.97,500,20.646,20.646,57,52.655,std,dynamic
8,145.97,500,305.281,305.281,442,539,mean,dynamic
8,54.56,500,21.439,21.439,57,52.655,std,dynamic
9,168.84,500,301.594,301.594,442,539,mean,dynamic
9,56.81,500,17.932,17.932,57,52.655,std,dynamic
10,184.19,500,296.531,296.531,442,539,mean,dynamic
10,51.07,500,20.433,20.433,57,52.655,std,dynamic
11,191.09,500,295.656,295.656,442,539,mean,dynamic
11,43.91,500,18.642,18.642,57,52.655,std,dynamic
12,185.94,500,293.094,293.094,442,539,mean,dynamic
12,36.77,500,22.009,22.009,57,52.655,std,dynamic
13,181.88,500,293.281,293.281,442,539,mean,dynamic
13,30.32,500,23.97,23.97,57,52.655,std,dynamic
14,172.56,500,288.906,288.906,442,539,mean,dynamic
14,24.09,500,25.817,25.817,57,52.655,std,dynamic
15,161.09,500,286.719,286.719,442,539,mean,dynamic
15,18.73,500,23.418,23.418,57,52.655,std,dynamic
16,151.28,500,283.781,283.781,442,539,mean,dynamic
16,15.13,500,24.657,24.657,57,52.655,std,dynamic
17,138.28,500,279.562,279.562,442,539,mean,dynamic
17,14.45,500,28.368,28.368,57,52.655,std,dynamic
18,124.31,500,279.656,279.656,442,539,mean,dynamic
18,11.06,500,29.677,29.677,57,52.655,std,dynamic
19,111.41,500,278.875,278.875,442,539,mean,dynamic
19,10.95,500,29.258,29.258,57,52.655,std,dynamic
20,98.47,500,277.469,277.469,442,539,mean,dynamic
20,10.87,500,25.642,25.642,57,52.655,std,dynamic
21,88.12,500,279.625,279.625,442,539,mean,dynamic
21,8.9,500,26.481,26.481,57,52.655,std,dynamic
22,78.28,500,273.375,273.375,442,539,mean,dynamic
22,9.16,500,30.707,30.707,57,52.655,std,dynamic
23,68.38,500,277.062,277.062,442,539,mean,dynamic
23,9.28,500,32.156,32.156,57,52.655,std,dynamic
24,59.62,500,278.5,278.5,442,539,mean,dynamic
24,9.88,500,33.601,33.601,57,52.655,std,dynamic
25,51.19,500,277.844,277.844,442,539,mean,dynamic
25,8.76,500,34.131,34.131,57,52.655,std,dynamic
26,44.41,500,277.75,277.75,442,539,mean,dynamic
26,8.2,500,35.305,35.305,57,52.655,std,dynamic
27,39.25,500,275.531,275.531,442,539,mean,dynamic
27,7.62,500,33.281,33.281,57,52.655,std,dynamic
28,34.38,500,274.219,274.219,442,539,mean,dynamic
28,6.88,500,34.481,34.481,57,52.655,std,dynamic
29,29.91,500,272.344,272.344,442,539,mean,dynamic
29,6.28,500,36.719,36.719,57,52.655,std,dynamic
30,25.94,500,273.688,273.688,442,539,mean,dynamic
30,5.25,500,33.331,33.331,57,52.655,std,dynamic
31,22.38,500,268.875,268.875,442,539,mean,dynamic
31,4.81,500,34.996,34.996,57,52.655,std,dynamic
32,19.72,500,273.156,273.156,442,539,mean,dynamic
32,4.5,500,35.151,35.151,57,52.655,std,dynamic
33,17.28,500,274.938,274.938,442,539,mean,dynamic
33,4.19,500,40.602,40.602,57,52.655,std,dynamic
34,14.66,500,275.031,275.031,442,539,mean,dynamic
34,3.65,500,34.665,34.665,57,52.655,std,dynamic
35,12.69,500,273.594,273.594,442,539,mean,dynamic
35,3.43,500,36.829,36.829,57,52.655,std,dynamic
36,11.03,500,273.594,273.594,442,539,mean,dynamic
36,3.78,500,37.811,37.811,57,52.655,std,dynamic
37,9.53,500,273.312,273.312,442,539,mean,dynamic
37,3.88,500,37.312,37.312,57,52.655,std,dynamic
38,8.16,500,272.938,272.938,442,539,mean,dynamic
38,3.25,500,39.319,39.319,57,52.655,std,dynamic
39,6.91,500,273.594,273.594,442,539,mean,dynamic
39,2.71,500,37.463,37.463,57,52.655,std,dynamic
40,6.25,500,272.188,272.188,442,539,mean,dynamic
40,2.72,500,39.579,39.579,57,52.655,std,dynamic
41,5.31,500,271.812,271.812,442,539,mean,dynamic
41,2.32,500,40.719,40.719,57,52.655,std,dynamic
42,4.59,500,272.281,272.281,442,539,mean,dynamic
42,2.23,500,42.37,42.37,57,52.655,std,dynamic
43,3.81,500,271.5,271.5,442,539,mean,dynamic
43,1.91,500,40.76,40.76,57,52.655,std,dynamic
0,5.0,600,0.0,0.0,499,486,mean,static
0,0.0,600,0.0,0.0,52,49.917,std,static
1,9.41,600,347.75,347.75,499,486,mean,static
1,2.56,600,25.285,25.285,52,49.917,std,static
2,20.31,600,460.938,460.938,499,486,mean,static
2,8.35,600,27.913,27.913,52,49.917,std,static
3,37.34,600,514.156,514.156,499,486,mean,static
3,16.01,600,20.069,20.069,52,49.917,std,static
4,59.88,600,521.25,521.25,499,486,mean,static
4,23.15,600,18.551,18.551,52,49.917,std,static
5,93.16,600,532.781,532.781,499,486,mean,static
5,32.37,600,19.791,19.791,52,49.917,std,static
6,130.41,600,532.0,532.0,499,486,mean,static
6,39.97,600,21.193,21.193,52,49.917,std,static
7,167.25,600,516.844,516.844,499,486,mean,static
7,44.55,600,23.6,23.6,52,49.917,std,static
8,197.31,600,508.625,508.625,499,486,mean,static
8,42.1,600,21.542,21.542,52,49.917,std,static
9,216.34,600,499.406,499.406,499,486,mean,static
9,40.25,600,24.179,24.179,52,49.917,std,static
10,226.53,600,486.094,486.094,499,486,mean,static
10,36.44,600,25.668,25.668,52,49.917,std,static
11,228.78,600,474.844,474.844,499,486,mean,static
11,34.74,600,25.608,25.608,52,49.917,std,static
12,222.16,600,468.719,468.719,499,486,mean,static
12,27.26,600,27.707,27.707,52,49.917,std,static
13,212.38,600,468.344,468.344,499,486,mean,static
13,22.78,600,31.93,31.93,52,49.917,std,static
14,197.19,600,455.5,455.5,499,486,mean,static
14,19.99,600,33.138,33.138,52,49.917,std,static
15,179.53,600,453.219,453.219,499,486,mean,static
15,18.19,600,28.149,28.149,52,49.917,std,static
16,163.81,600,446.906,446.906,499,486,mean,static
16,16.18,600,30.185,30.185,52,49.917,std,static
17,147.66,600,437.156,437.156,499,486,mean,static
17,14.8,600,28.763,28.763,52,49.917,std,static
18,131.38,600,440.375,440.375,499,486,mean,static
18,12.86,600,35.682,35.682,52,49.917,std,static
19,117.72,600,437.125,437.125,499,486,mean,static
19,12.74,600,36.734,36.734,52,49.917,std,static
20,104.06,600,428.812,428.812,499,486,mean,static
20,12.46,600,35.856,35.856,52,49.917,std,static
21,91.25,600,427.719,427.719,499,486,mean,static
21,12.0,600,32.768,32.768,52,49.917,std,static
22,79.5,600,425.0,425.0,499,486,mean,static
22,10.96,600,39.656,39.656,52,49.917,std,static
23,69.38,600,421.125,421.125,499,486,mean,static
23,10.03,600,37.693,37.693,52,49.917,std,static
24,61.62,600,421.875,421.875,499,486,mean,static
24,8.67,600,35.518,35.518,52,49.917,std,static
25,53.66,600,424.438,424.438,499,486,mean,static
25,8.23,600,39.283,39.283,52,49.917,std,static
26,46.81,600,417.375,417.375,499,486,mean,static
26,7.33,600,37.083,37.083,52,49.917,std,static
27,41.28,600,417.062,417.062,499,486,mean,static
27,6.78,600,38.66,38.66,52,49.917,std,static
28,35.72,600,415.0,415.0,499,486,mean,static
28,6.29,600,38.385,38.385,52,49.917,std,static
29,30.69,600,413.75,413.75,499,486,mean,static
29,5.89,600,38.421,38.421,52,49.917,std,static
30,26.53,600,412.844,412.844,499,486,mean,static
30,5.35,600,40.105,40.105,52,49.917,std,static
31,22.75,600,412.469,412.469,499,486,mean,static
31,5.18,600,40.502,40.502,52,49.917,std,static
32,19.16,600,410.562,410.562,499,486,mean,static
32,4.5,600,36.999,36.999,52,49.917,std,static
33,16.5,600,405.719,405.719,499,486,mean,static
33,4.45,600,38.113,38.113,52,49.917,std,static
34,13.97,600,406.281,406.281,499,486,mean,static
34,4.1,600,39.43,39.43,52,49.917,std,static
35,12.25,600,400.594,400.594,499,486,mean,static
35,3.83,600,38.345,38.345,52,49.917,std,static
36,10.19,600,403.75,403.75,499,486,mean,static
36,3.2,600,39.913,39.913,52,49.917,std,static
37,8.62,600,400.312,400.312,499,486,mean,static
37,3.02,600,41.227,41.227,52,49.917,std,static
38,7.38,600,403.719,403.719,499,486,mean,static
38,2.87,600,39.316,39.316,52,49.917,std,static
39,6.25,600,398.938,398.938,499,486,mean,static
39,2.73,600,40.6,40.6,52,49.917,std,static
40,5.59,600,401.062,401.062,499,486,mean,static
40,2.64,600,41.682,41.682,52,49.917,std,static
41,4.88,600,399.469,399.469,499,486,mean,static
41,2.25,600,40.863,40.863,52,49.917,std,static
42,4.34,600,400.25,400.25,499,486,mean,static
42,1.95,600,39.629,39.629,52,49.917,std,static
43,3.72,600,398.781,398.781,499,486,mean,static
43,1.82,600,43.955,43.955,52,49.917,std,static
44,3.19,600,397.781,397.781,499,486,mean,static
44,1.7,600,41.107,41.107,52,49.917,std,static
0,5.0,600,0.0,0.0,485,497,mean,dynamic
0,0.0,600,0.0,0.0,61,55.758,std,dynamic
1,8.06,600,209.906,209.906,485,497,mean,dynamic
1,2.69,600,21.303,21.303,61,55.758,std,dynamic
2,15.41,600,271.281,271.281,485,497,mean,dynamic
2,7.03,600,22.401,22.401,61,55.758,std,dynamic
3,27.09,600,306.469,306.469,485,497,mean,dynamic
3,13.68,600,23.13,23.13,61,55.758,std,dynamic
4,43.06,600,318.469,318.469,485,497,mean,dynamic
4,22.85,600,19.405,19.405,61,55.758,std,dynamic
5,70.53,600,325.344,325.344,485,497,mean,dynamic
5,35.77,600,21.128,21.128,61,55.758,std,dynamic
6,100.69,600,326.156,326.156,485,497,mean,dynamic
6,46.34,600,20.059,20.059,61,55.758,std,dynamic
7,134.66,600,331.906,331.906,485,497,mean,dynamic
7,55.16,600,22.672,22.672,61,55.758,std,dynamic
8,164.31,600,324.219,324.219,485,497,mean,dynamic
8,54.87,600,20.101,20.101,61,55.758,std,dynamic
9,187.09,600,320.812,320.812,485,497,mean,dynamic
9,57.98,600,21.64,21.64,61,55.758,std,dynamic
10,204.44,600,319.969,319.969,485,497,mean,dynamic
10,50.13,600,22.818,22.818,61,55.758,std,dynamic
11,207.69,600,318.812,318.812,485,497,mean,dynamic
11,42.79,600,23.646,23.646,61,55.758,std,dynamic
12,207.69,600,317.906,317.906,485,497,mean,dynamic
12,34.55,600,20.564,20.564,61,55.758,std,dynamic
13,202.38,600,315.594,315.594,485,497,mean,dynamic
13,28.89,600,26.008,26.008,61,55.758,std,dynamic
14,190.94,600,309.875,309.875,485,497,mean,dynamic
14,24.71,600,25.55,25.55,61,55.758,std,dynamic
15,179.56,600,310.031,310.031,485,497,mean,dynamic
15,21.18,600,29.033,29.033,61,55.758,std,dynamic
16,165.28,600,314.406,314.406,485,497,mean,dynamic
16,17.03,600,30.578,30.578,61,55.758,std,dynamic
17,149.81,600,309.406,309.406,485,497,mean,dynamic
17,14.95,600,28.498,28.498,61,55.758,std,dynamic
18,134.62,600,316.562,316.562,485,497,mean,dynamic
18,14.04,600,33.001,33.001,61,55.758,std,dynamic
19,121.12,600,313.938,313.938,485,497,mean,dynamic
19,13.43,600,35.039,35.039,61,55.758,std,dynamic
20,108.91,600,310.781,310.781,485,497,mean,dynamic
20,12.22,600,33.313,33.313,61,55.758,std,dynamic
21,96.81,600,311.969,311.969,485,497,mean,dynamic
21,11.57,600,34.541,34.541,61,55.758,std,dynamic
22,86.38,600,309.188,309.188,485,497,mean,dynamic
22,9.98,600,38.07,38.07,61,55.758,std,dynamic
23,76.28,600,312.594,312.594,485,497,mean,dynamic
23,10.04,600,34.69,34.69,61,55.758,std,dynamic
24,66.59,600,313.219,313.219,485,497,mean,dynamic
24,8.82,600,38.015,38.015,61,55.758,std,dynamic
25,57.06,600,316.562,316.562,485,497,mean,dynamic
25,8.11,600,39.279,39.279,61,55.758,std,dynamic
26,50.5,600,315.219,315.219,485,497,mean,dynamic
26,8.22,600,40.181,40.181,61,55.758,std,dynamic
27,44.03,600,313.781,313.781,485,497,mean,dynamic
27,7.61,600,40.312,40.312,61,55.758,std,dynamic
28,38.25,600,312.719,312.719,485,497,mean,dynamic
28,7.18,600,36.95,36.95,61,55.758,std,dynamic
29,32.38,600,314.031,314.031,485,497,mean,dynamic
29,7.06,600,39.014,39.014,61,55.758,std,dynamic
30,27.62,600,316.156,316.156,485,497,mean,dynamic
30,6.32,600,45.383,45.383,61,55.758,std,dynamic
31,23.88,600,313.781,313.781,485,497,mean,dynamic
31,5.97,600,46.171,46.171,61,55.758,std,dynamic
32,20.97,600,312.938,312.938,485,497,mean,dynamic
32,5.28,600,42.154,42.154,61,55.758,std,dynamic
33,18.06,600,310.125,310.125,485,497,mean,dynamic
33,4.77,600,42.556,42.556,61,55.758,std,dynamic
34,15.09,600,310.969,310.969,485,497,mean,dynamic
34,4.75,600,43.236,43.236,61,55.758,std,dynamic
35,13.41,600,311.844,311.844,485,497,mean,dynamic
35,4.56,600,42.988,42.988,61,55.758,std,dynamic
36,11.09,600,314.875,314.875,485,497,mean,dynamic
36,4.34,600,46.3,46.3,61,55.758,std,dynamic
37,9.91,600,314.594,314.594,485,497,mean,dynamic
37,4.16,600,40.271,40.271,61,55.758,std,dynamic
38,8.69,600,316.219,316.219,485,497,mean,dynamic
38,3.51,600,45.317,45.317,61,55.758,std,dynamic
39,7.62,600,315.406,315.406,485,497,mean,dynamic
39,3.19,600,45.804,45.804,61,55.758,std,dynamic
40,6.81,600,313.031,313.031,485,497,mean,dynamic
40,2.75,600,46.394,46.394,61,55.758,std,dynamic
41,5.94,600,313.188,313.188,485,497,mean,dynamic
41,2.37,600,48.022,48.022,61,55.758,std,dynamic
42,5.0,600,316.438,316.438,485,497,mean,dynamic
42,2.11,600,45.576,45.576,61,55.758,std,dynamic
43,4.38,600,313.0,313.0,485,497,mean,dynamic
43,1.96,600,44.1,44.1,61,55.758,std,dynamic
44,3.69,600,311.625,311.625,485,497,mean,dynamic
44,1.57,600,47.041,47.041,61,55.758,std,dynamic
45,3.12,600,313.875,313.875,485,497,mean,dynamic
45,1.47,600,48.295,48.295,61,55.758,std,dynamic
0,5.0,700,0.0,0.0,517,466,mean,static
0,0.0,700,0.0,0.0,53,51.204,std,static
1,7.69,700,351.656,351.656,517,466,mean,static
1,2.21,700,23.495,23.495,53,51.204,std,static
2,15.44,700,469.656,469.656,517,466,mean,static
2,6.31,700,23.098,23.098,53,51.204,std,static
3,28.5,700,520.188,520.188,517,466,mean,static
3,14.54,700,21.146,21.146,53,51.204,std,static
4,50.31,700,543.281,543.281,517,466,mean,static
4,25.6,700,21.497,21.497,53,51.204,std,static
5,80.62,700,545.375,545.375,517,466,mean,static
5,40.42,700,24.873,24.873,53,51.204,std,static
6,115.0,700,553.0,553.0,517,466,mean,static
6,51.66,700,22.013,22.013,53,51.204,std,static
7,151.5,700,537.469,537.469,517,466,mean,static
7,57.99,700,21.413,21.413,53,51.204,std,static
8,186.62,700,529.156,529.156,517,466,mean,static
8,59.5,700,28.335,28.335,53,51.204,std,static
9,208.72,700,520.594,520.594,517,466,mean,static
9,54.51,700,27.927,27.927,53,51.204,std,static
10,223.47,700,510.438,510.438,517,466,mean,static
10,46.96,700,29.241,29.241,53,51.204,std,static
11,228.69,700,501.656,501.656,517,466,mean,static
11,38.01,700,31.359,31.359,53,51.204,std,static
12,229.75,700,494.125,494.125,517,466,mean,static
12,29.85,700,30.973,30.973,53,51.204,std,static
13,220.94,700,488.25,488.25,517,466,mean,static
13,23.65,700,34.823,34.823,53,51.204,std,static
14,209.56,700,480.5,480.5,517,466,mean,static
14,21.1,700,39.564,39.564,53,51.204,std,static
15,193.78,700,477.844,477.844,517,466,mean,static
15,18.3,700,36.585,36.585,53,51.204,std,static
16,177.25,700,470.281,470.281,517,466,mean,static
16,17.34,700,35.877,35.877,53,51.204,std,static
17,161.62,700,465.969,465.969,517,466,mean,static
17,16.34,700,39.739,39.739,53,51.204,std,static
18,144.78,700,464.562,464.562,517,466,mean,static
18,15.06,700,45.096,45.096,53,51.204,std,static
19,129.5,700,462.219,462.219,517,466,mean,static
19,14.01,700,39.36,39.36,53,51.204,std,static
20,116.34,700,460.219,460.219,517,466,mean,static
20,14.17,700,39.864,39.864,53,51.204,std,static
21,103.28,700,458.062,458.062,517,466,mean,static
21,13.56,700,42.904,42.904,53,51.204,std,static
22,90.81,700,450.844,450.844,517,466,mean,static
22,12.41,700,38.97,38.97,53,51.204,std,static
23,80.59,700,453.844,453.844,517,466,mean,static
23,11.35,700,40.496,40.496,53,51.204,std,static
24,71.72,700,445.75,445.75,517,466,mean,static
24,10.69,700,45.313,45.313,53,51.204,std,static
25,63.62,700,444.688,444.688,517,466,mean,static
25,10.65,700,44.678,44.678,53,51.204,std,static
26,55.34,700,444.5,444.5,517,466,mean,static
26,10.01,700,40.901,40.901,53,51.204,std,static
27,47.84,700,446.594,446.594,517,466,mean,static
27,9.65,700,45.476,45.476,53,51.204,std,static
28,41.38,700,442.969,442.969,517,466,mean,static
28,8.43,700,44.809,44.809,53,51.204,std,static
29,35.81,700,443.312,443.312,517,466,mean,static
29,8.34,700,45.609,45.609,53,51.204,std,static
30,31.06,700,439.781,439.781,517,466,mean,static
30,7.89,700,43.443,43.443,53,51.204,std,static
31,26.53,700,439.188,439.188,517,466,mean,static
31,7.77,700,43.852,43.852,53,51.204,std,static
32,22.81,700,436.219,436.219,517,466,mean,static
32,7.44,700,42.874,42.874,53,51.204,std,static
33,19.41,700,434.469,434.469,517,466,mean,static
33,6.98,700,45.64,45.64,53,51.204,std,static
34,17.0,700,431.406,431.406,517,466,mean,static
34,6.22,700,46.383,46.383,53,51.204,std,static
35,14.56,700,428.656,428.656,517,466,mean,static
35,5.59,700,45.599,45.599,53,51.204,std,static
36,12.69,700,433.312,433.312,517,466,mean,static
36,5.06,700,45.05,45.05,53,51.204,std,static
37,11.28,700,427.656,427.656,517,466,mean,static
37,4.97,700,43.271,43.271,53,51.204,std,static
38,9.81,700,424.719,424.719,517,466,mean,static
38,4.34,700,44.883,44.883,53,51.204,std,static
39,8.59,700,426.875,426.875,517,466,mean,static
39,4.19,700,47.337,47.337,53,51.204,std,static
40,7.38,700,425.875,425.875,517,466,mean,static
40,3.78,700,48.007,48.007,53,51.204,std,static
41,6.75,700,427.375,427.375,517,466,mean,static
41,3.59,700,45.109,45.109,53,51.204,std,static
42,5.91,700,426.344,426.344,517,466,mean,static
42,2.9,700,48.25,48.25,53,51.204,std,static
43,5.31,700,427.344,427.344,517,466,mean,static
43,2.59,700,49.288,49.288,53,51.204,std,static
44,4.5,700,425.969,425.969,517,466,mean,static
44,2.45,700,46.321,46.321,53,51.204,std,static
0,5.0,700,0.0,0.0,492,487,mean,dynamic
0,0.0,700,0.0,0.0,76,71.886,std,dynamic
1,6.62,700,220.125,220.125,492,487,mean,dynamic
1,1.52,700,21.715,21.715,76,71.886,std,dynamic
2,10.94,700,279.938,279.938,492,487,mean,dynamic
2,4.95,700,20.431,20.431,76,71.886,std,dynamic
3,20.97,700,313.969,313.969,492,487,mean,dynamic
3,11.5,700,22.234,22.234,76,71.886,std,dynamic
4,36.31,700,333.281,333.281,492,487,mean,dynamic
4,23.29,700,19.273,19.273,76,71.886,std,dynamic
5,61.25,700,337.062,337.062,492,487,mean,dynamic
5,39.8,700,20.328,20.328,76,71.886,std,dynamic
6,91.5,700,338.938,338.938,492,487,mean,dynamic
6,55.54,700,14.107,14.107,76,71.886,std,dynamic
7,124.34,700,337.594,337.594,492,487,mean,dynamic
7,68.91,700,21.682,21.682,76,71.886,std,dynamic
8,153.69,700,338.906,338.906,492,487,mean,dynamic
8,72.46,700,19.238,19.238,76,71.886,std,dynamic
9,176.94,700,336.219,336.219,492,487,mean,dynamic
9,74.4,700,22.486,22.486,76,71.886,std,dynamic
10,200.47,700,333.656,333.656,492,487,mean,dynamic
10,73.18,700,22.041,22.041,76,71.886,std,dynamic
11,208.03,700,329.938,329.938,492,487,mean,dynamic
11,64.97,700,21.52,21.52,76,71.886,std,dynamic
12,209.09,700,329.656,329.656,492,487,mean,dynamic
12,54.39,700,27.16,27.16,76,71.886,std,dynamic
13,204.78,700,330.094,330.094,492,487,mean,dynamic
13,41.4,700,28.042,28.042,76,71.886,std,dynamic
14,196.34,700,328.281,328.281,492,487,mean,dynamic
14,33.87,700,31.202,31.202,76,71.886,std,dynamic
15,186.75,700,325.219,325.219,492,487,mean,dynamic
15,28.45,700,31.195,31.195,76,71.886,std,dynamic
16,174.03,700,328.062,328.062,492,487,mean,dynamic
16,23.82,700,33.421,33.421,76,71.886,std,dynamic
17,159.22,700,327.344,327.344,492,487,mean,dynamic
17,21.35,700,36.322,36.322,76,71.886,std,dynamic
18,145.0,700,325.781,325.781,492,487,mean,dynamic
18,18.08,700,34.741,34.741,76,71.886,std,dynamic
19,131.97,700,322.0,322.0,492,487,mean,dynamic
19,16.44,700,34.689,34.689,76,71.886,std,dynamic
20,117.44,700,324.312,324.312,492,487,mean,dynamic
20,14.61,700,37.5,37.5,76,71.886,std,dynamic
21,103.0,700,328.875,328.875,492,487,mean,dynamic
21,13.94,700,36.961,36.961,76,71.886,std,dynamic
22,92.22,700,326.875,326.875,492,487,mean,dynamic
22,13.89,700,39.732,39.732,76,71.886,std,dynamic
23,82.0,700,325.812,325.812,492,487,mean,dynamic
23,13.66,700,43.129,43.129,76,71.886,std,dynamic
24,73.0,700,324.906,324.906,492,487,mean,dynamic
24,12.55,700,45.914,45.914,76,71.886,std,dynamic
25,64.16,700,325.375,325.375,492,487,mean,dynamic
25,11.48,700,44.153,44.153,76,71.886,std,dynamic
26,55.97,700,333.625,333.625,492,487,mean,dynamic
26,10.46,700,46.235,46.235,76,71.886,std,dynamic
27,47.97,700,326.469,326.469,492,487,mean,dynamic
27,9.29,700,44.043,44.043,76,71.886,std,dynamic
28,41.44,700,325.812,325.812,492,487,mean,dynamic
28,9.32,700,45.372,45.372,76,71.886,std,dynamic
29,36.16,700,329.938,329.938,492,487,mean,dynamic
29,9.04,700,50.928,50.928,76,71.886,std,dynamic
30,30.62,700,330.594,330.594,492,487,mean,dynamic
30,9.28,700,47.896,47.896,76,71.886,std,dynamic
31,26.38,700,328.438,328.438,492,487,mean,dynamic
31,7.89,700,49.71,49.71,76,71.886,std,dynamic
32,23.19,700,328.469,328.469,492,487,mean,dynamic
32,7.55,700,50.834,50.834,76,71.886,std,dynamic
33,20.0,700,332.688,332.688,492,487,mean,dynamic
33,7.19,700,50.268,50.268,76,71.886,std,dynamic
34,16.81,700,331.062,331.062,492,487,mean,dynamic
34,6.42,700,54.157,54.157,76,71.886,std,dynamic
35,14.44,700,333.25,333.25,492,487,mean,dynamic
35,6.07,700,54.077,54.077,76,71.886,std,dynamic
36,12.59,700,334.062,334.062,492,487,mean,dynamic
36,5.84,700,53.719,53.719,76,71.886,std,dynamic
37,10.88,700,329.781,329.781,492,487,mean,dynamic
37,5.48,700,53.924,53.924,76,71.886,std,dynamic
38,9.5,700,331.375,331.375,492,487,mean,dynamic
38,5.35,700,52.022,52.022,76,71.886,std,dynamic
39,8.34,700,329.344,329.344,492,487,mean,dynamic
39,4.89,700,58.736,58.736,76,71.886,std,dynamic
40,6.97,700,328.5,328.5,492,487,mean,dynamic
40,4.1,700,56.372,56.372,76,71.886,std,dynamic
41,6.03,700,333.719,333.719,492,487,mean,dynamic
41,3.98,700,57.249,57.249,76,71.886,std,dynamic
42,5.31,700,331.906,331.906,492,487,mean,dynamic
42,3.64,700,54.659,54.659,76,71.886,std,dynamic
43,4.47,700,333.156,333.156,492,487,mean,dynamic
43,2.87,700,58.616,58.616,76,71.886,std,dynamic
0,5.0,800,0.0,0.0,557,420,mean,static
0,0.0,800,0.0,0.0,58,58.064,std,static
1,9.16,800,345.906,345.906,557,420,mean,static
1,2.25,800,17.252,17.252,58,58.064,std,static
2,20.53,800,469.75,469.75,557,420,mean,static
2,7.07,800,22.344,22.344,58,58.064,std,static
3,37.31,800,538.781,538.781,557,420,mean,static
3,14.38,800,18.11,18.11,58,58.064,std,static
4,63.19,800,553.25,553.25,557,420,mean,static
4,25.53,800,19.046,19.046,58,58.064,std,static
5,99.25,800,561.281,561.281,557,420,mean,static
5,42.63,800,20.049,20.049,58,58.064,std,static
6,139.47,800,560.812,560.812,557,420,mean,static
6,54.46,800,22.055,22.055,58,58.064,std,static
7,179.38,800,554.688,554.688,557,420,mean,static
7,62.6,800,19.687,19.687,58,58.064,std,static
8,211.16,800,554.594,554.594,557,420,mean,static
8,61.97,800,26.449,26.449,58,58.064,std,static
9,233.78,800,549.562,549.562,557,420,mean,static
9,58.12,800,31.197,31.197,58,58.064,std,static
10,245.38,800,538.969,538.969,557,420,mean,static
10,52.96,800,26.859,26.859,58,58.064,std,static
11,245.84,800,536.375,536.375,557,420,mean,static
11,42.99,800,32.61,32.61,58,58.064,std,static
12,241.81,800,527.406,527.406,557,420,mean,static
12,34.94,800,35.335,35.335,58,58.064,std,static
13,230.81,800,522.281,522.281,557,420,mean,static
13,25.91,800,36.753,36.753,58,58.064,std,static
14,216.16,800,515.875,515.875,557,420,mean,static
14,21.51,800,39.501,39.501,58,58.064,std,static
15,198.53,800,516.719,516.719,557,420,mean,static
15,16.69,800,41.698,41.698,58,58.064,std,static
16,183.44,800,504.094,504.094,557,420,mean,static
16,14.86,800,39.792,39.792,58,58.064,std,static
17,166.91,800,501.094,501.094,557,420,mean,static
17,14.85,800,43.523,43.523,58,58.064,std,static
18,150.03,800,505.094,505.094,557,420,mean,static
18,14.96,800,44.307,44.307,58,58.064,std,static
19,135.34,800,501.688,501.688,557,420,mean,static
19,14.58,800,42.579,42.579,58,58.064,std,static
20,118.81,800,497.5,497.5,557,420,mean,static
20,13.76,800,45.453,45.453,58,58.064,std,static
21,104.88,800,496.469,496.469,557,420,mean,static
21,13.35,800,43.372,43.372,58,58.064,std,static
22,92.5,800,490.531,490.531,557,420,mean,static
22,12.5,800,48.087,48.087,58,58.064,std,static
23,81.19,800,491.062,491.062,557,420,mean,static
23,11.16,800,47.29,47.29,58,58.064,std,static
24,71.5,800,490.625,490.625,557,420,mean,static
24,10.77,800,49.275,49.275,58,58.064,std,static
25,62.69,800,489.562,489.562,557,420,mean,static
25,10.13,800,48.016,48.016,58,58.064,std,static
26,54.66,800,485.844,485.844,557,420,mean,static
26,9.69,800,45.809,45.809,58,58.064,std,static
27,47.56,800,486.875,486.875,557,420,mean,static
27,9.04,800,49.949,49.949,58,58.064,std,static
28,40.81,800,483.062,483.062,557,420,mean,static
28,8.7,800,50.448,50.448,58,58.064,std,static
29,35.25,800,483.625,483.625,557,420,mean,static
29,7.41,800,47.485,47.485,58,58.064,std,static
30,30.66,800,481.375,481.375,557,420,mean,static
30,6.98,800,48.18,48.18,58,58.064,std,static
31,26.81,800,480.281,480.281,557,420,mean,static
31,6.6,800,46.984,46.984,58,58.064,std,static
32,23.38,800,477.312,477.312,557,420,mean,static
32,6.25,800,50.028,50.028,58,58.064,std,static
33,19.56,800,476.031,476.031,557,420,mean,static
33,5.33,800,48.805,48.805,58,58.064,std,static
34,16.81,800,474.344,474.344,557,420,mean,static
34,5.1,800,48.872,48.872,58,58.064,std,static
35,14.44,800,473.5,473.5,557,420,mean,static
35,4.45,800,50.015,50.015,58,58.064,std,static
36,11.91,800,473.531,473.531,557,420,mean,static
36,4.0,800,49.036,49.036,58,58.064,std,static
37,10.22,800,471.062,471.062,557,420,mean,static
37,3.85,800,50.8,50.8,58,58.064,std,static
38,8.94,800,470.531,470.531,557,420,mean,static
38,3.65,800,52.135,52.135,58,58.064,std,static
39,7.59,800,471.781,471.781,557,420,mean,static
39,3.57,800,50.889,50.889,58,58.064,std,static
40,6.84,800,468.844,468.844,557,420,mean,static
40,3.22,800,52.263,52.263,58,58.064,std,static
41,5.72,800,469.531,469.531,557,420,mean,static
41,2.95,800,53.423,53.423,58,58.064,std,static
0,5.0,800,0.0,0.0,535,450,mean,dynamic
0,0.0,800,0.0,0.0,47,44.521,std,dynamic
1,7.88,800,214.625,214.625,535,450,mean,dynamic
1,2.38,800,25.32,25.32,47,44.521,std,dynamic
2,13.47,800,276.469,276.469,535,450,mean,dynamic
2,5.14,800,24.053,24.053,47,44.521,std,dynamic
3,23.38,800,319.125,319.125,535,450,mean,dynamic
3,10.15,800,18.76,18.76,47,44.521,std,dynamic
4,38.94,800,332.875,332.875,535,450,mean,dynamic
4,17.86,800,21.31,21.31,47,44.521,std,dynamic
5,68.81,800,343.812,343.812,535,450,mean,dynamic
5,29.99,800,19.733,19.733,47,44.521,std,dynamic
6,102.91,800,351.594,351.594,535,450,mean,dynamic
6,41.06,800,23.204,23.204,47,44.521,std,dynamic
7,140.56,800,351.469,351.469,535,450,mean,dynamic
7,49.02,800,26.281,26.281,47,44.521,std,dynamic
8,176.06,800,348.875,348.875,535,450,mean,dynamic
8,50.53,800,21.124,21.124,47,44.521,std,dynamic
9,209.12,800,346.469,346.469,535,450,mean,dynamic
9,49.38,800,18.4,18.4,47,44.521,std,dynamic
10,233.06,800,346.969,346.969,535,450,mean,dynamic
10,44.81,800,19.587,19.587,47,44.521,std,dynamic
11,239.78,800,345.438,345.438,535,450,mean,dynamic
11,37.05,800,23.222,23.222,47,44.521,std,dynamic
12,240.94,800,345.5,345.5,535,450,mean,dynamic
12,28.57,800,23.718,23.718,47,44.521,std,dynamic
13,232.53,800,349.281,349.281,535,450,mean,dynamic
13,22.76,800,22.672,22.672,47,44.521,std,dynamic
14,219.22,800,347.031,347.031,535,450,mean,dynamic
14,19.35,800,26.285,26.285,47,44.521,std,dynamic
15,203.34,800,345.281,345.281,535,450,mean,dynamic
15,14.94,800,27.325,27.325,47,44.521,std,dynamic
16,187.72,800,347.594,347.594,535,450,mean,dynamic
16,12.06,800,26.981,26.981,47,44.521,std,dynamic
17,172.47,800,354.375,354.375,535,450,mean,dynamic
17,11.42,800,27.123,27.123,47,44.521,std,dynamic
18,156.34,800,346.5,346.5,535,450,mean,dynamic
18,11.58,800,27.979,27.979,47,44.521,std,dynamic
19,138.38,800,347.625,347.625,535,450,mean,dynamic
19,10.39,800,29.495,29.495,47,44.521,std,dynamic
20,123.09,800,350.969,350.969,535,450,mean,dynamic
20,10.04,800,26.265,26.265,47,44.521,std,dynamic
21,108.62,800,353.344,353.344,535,450,mean,dynamic
21,9.63,800,29.506,29.506,47,44.521,std,dynamic
22,95.03,800,352.0,352.0,535,450,mean,dynamic
22,10.45,800,31.86,31.86,47,44.521,std,dynamic
23,83.59,800,354.531,354.531,535,450,mean,dynamic
23,10.05,800,32.769,32.769,47,44.521,std,dynamic
24,73.84,800,358.438,358.438,535,450,mean,dynamic
24,9.61,800,30.618,30.618,47,44.521,std,dynamic
25,64.69,800,353.062,353.062,535,450,mean,dynamic
25,8.88,800,31.894,31.894,47,44.521,std,dynamic
26,55.47,800,355.875,355.875,535,450,mean,dynamic
26,8.25,800,29.35,29.35,47,44.521,std,dynamic
27,48.44,800,357.781,357.781,535,450,mean,dynamic
27,7.62,800,31.846,31.846,47,44.521,std,dynamic
28,42.12,800,359.312,359.312,535,450,mean,dynamic
28,7.18,800,34.759,34.759,47,44.521,std,dynamic
29,35.88,800,359.312,359.312,535,450,mean,dynamic
29,6.48,800,36.925,36.925,47,44.521,std,dynamic
30,31.12,800,359.969,359.969,535,450,mean,dynamic
30,6.21,800,31.53,31.53,47,44.521,std,dynamic
31,26.91,800,364.406,364.406,535,450,mean,dynamic
31,4.73,800,38.534,38.534,47,44.521,std,dynamic
32,23.41,800,361.781,361.781,535,450,mean,dynamic
32,4.25,800,40.211,40.211,47,44.521,std,dynamic
33,20.03,800,363.375,363.375,535,450,mean,dynamic
33,3.95,800,35.568,35.568,47,44.521,std,dynamic
34,17.19,800,364.156,364.156,535,450,mean,dynamic
34,3.92,800,35.856,35.856,47,44.521,std,dynamic
35,15.19,800,366.781,366.781,535,450,mean,dynamic
35,3.56,800,34.689,34.689,47,44.521,std,dynamic
36,13.38,800,364.75,364.75,535,450,mean,dynamic
36,3.13,800,35.037,35.037,47,44.521,std,dynamic
37,10.81,800,361.094,361.094,535,450,mean,dynamic
37,2.58,800,34.433,34.433,47,44.521,std,dynamic
38,9.31,800,365.031,365.031,535,450,mean,dynamic
38,2.52,800,35.869,35.869,47,44.521,std,dynamic
39,7.91,800,364.312,364.312,535,450,mean,dynamic
39,2.5,800,35.667,35.667,47,44.521,std,dynamic
40,7.0,800,364.281,364.281,535,450,mean,dynamic
40,2.57,800,38.393,38.393,47,44.521,std,dynamic
41,5.81,800,363.75,363.75,535,450,mean,dynamic
41,2.31,800,38.109,38.109,47,44.521,std,dynamic
42,5.16,800,365.844,365.844,535,450,mean,dynamic
42,2.24,800,38.243,38.243,47,44.521,std,dynamic
43,4.38,800,365.406,365.406,535,450,mean,dynamic
43,1.83,800,39.008,39.008,47,44.521,std,dynamic
0,5.0,900,0.0,0.0,600,379,mean,static
0,0.0,900,0.0,0.0,49,47.318,std,static
1,9.19,900,326.125,326.125,600,379,mean,static
1,1.94,900,26.822,26.822,49,47.318,std,static
2,21.47,900,462.938,462.938,600,379,mean,static
2,6.82,900,23.724,23.724,49,47.318,std,static
3,40.56,900,528.625,528.625,600,379,mean,static
3,14.22,900,25.236,25.236,49,47.318,std,static
4,69.94,900,561.062,561.062,600,379,mean,static
4,24.75,900,17.396,17.396,49,47.318,std,static
5,107.78,900,573.844,573.844,600,379,mean,static
5,38.51,900,14.502,14.502,49,47.318,std,static
6,152.78,900,578.062,578.062,600,379,mean,static
6,49.43,900,19.653,19.653,49,47.318,std,static
7,202.53,900,576.062,576.062,600,379,mean,static
7,60.51,900,19.138,19.138,49,47.318,std,static
8,240.16,900,573.844,573.844,600,379,mean,static
8,59.52,900,19.266,19.266,49,47.318,std,static
9,260.34,900,567.969,567.969,600,379,mean,static
9,55.34,900,20.687,20.687,49,47.318,std,static
10,270.81,900,564.0,564.0,600,379,mean,static
10,45.31,900,28.358,28.358,49,47.318,std,static
11,270.28,900,557.5,557.5,600,379,mean,static
11,37.13,900,26.187,26.187,49,47.318,std,static
12,263.47,900,552.156,552.156,600,379,mean,static
12,29.85,900,28.872,28.872,49,47.318,std,static
13,249.62,900,552.906,552.906,600,379,mean,static
13,22.55,900,31.4,31.4,49,47.318,std,static
14,234.69,900,549.125,549.125,600,379,mean,static
14,17.3,900,32.638,32.638,49,47.318,std,static
15,215.22,900,546.25,546.25,600,379,mean,static
15,13.97,900,29.079,29.079,49,47.318,std,static
16,195.84,900,538.969,538.969,600,379,mean,static
16,14.58,900,25.309,25.309,49,47.318,std,static
17,175.03,900,539.406,539.406,600,379,mean,static
17,14.63,900,36.853,36.853,49,47.318,std,static
18,156.5,900,542.125,542.125,600,379,mean,static
18,13.18,900,39.099,39.099,49,47.318,std,static
19,138.88,900,537.125,537.125,600,379,mean,static
19,12.41,900,32.276,32.276,49,47.318,std,static
20,123.25,900,537.719,537.719,600,379,mean,static
20,13.38,900,36.504,36.504,49,47.318,std,static
21,108.16,900,535.469,535.469,600,379,mean,static
21,13.87,900,35.676,35.676,49,47.318,std,static
22,96.72,900,531.438,531.438,600,379,mean,static
22,13.49,900,36.901,36.901,49,47.318,std,static
23,85.91,900,530.438,530.438,600,379,mean,static
23,12.64,900,39.79,39.79,49,47.318,std,static
24,75.69,900,530.781,530.781,600,379,mean,static
24,11.81,900,38.406,38.406,49,47.318,std,static
25,66.47,900,528.094,528.094,600,379,mean,static
25,10.79,900,38.963,38.963,49,47.318,std,static
26,58.56,900,527.906,527.906,600,379,mean,static
26,9.11,900,38.962,38.962,49,47.318,std,static
27,50.94,900,526.156,526.156,600,379,mean,static
27,8.5,900,37.974,37.974,49,47.318,std,static
28,45.22,900,527.156,527.156,600,379,mean,static
28,8.28,900,40.902,40.902,49,47.318,std,static
29,40.25,900,527.062,527.062,600,379,mean,static
29,7.46,900,41.794,41.794,49,47.318,std,static
30,34.94,900,525.844,525.844,600,379,mean,static
30,7.48,900,40.67,40.67,49,47.318,std,static
31,30.5,900,521.844,521.844,600,379,mean,static
31,7.17,900,40.83,40.83,49,47.318,std,static
32,26.72,900,519.5,519.5,600,379,mean,static
32,6.28,900,38.051,38.051,49,47.318,std,static
33,22.84,900,518.094,518.094,600,379,mean,static
33,5.92,900,41.016,41.016,49,47.318,std,static
34,19.81,900,517.375,517.375,600,379,mean,static
34,5.62,900,41.096,41.096,49,47.318,std,static
35,17.12,900,515.562,515.562,600,379,mean,static
35,4.73,900,40.676,40.676,49,47.318,std,static
36,14.5,900,514.938,514.938,600,379,mean,static
36,4.07,900,42.053,42.053,49,47.318,std,static
37,12.22,900,513.906,513.906,600,379,mean,static
37,3.6,900,40.383,40.383,49,47.318,std,static
38,10.56,900,512.75,512.75,600,379,mean,static
38,3.54,900,41.412,41.412,49,47.318,std,static
39,9.19,900,512.469,512.469,600,379,mean,static
39,3.26,900,42.941,42.941,49,47.318,std,static
40,8.09,900,512.75,512.75,600,379,mean,static
40,2.91,900,43.337,43.337,49,47.318,std,static
41,6.91,900,512.938,512.938,600,379,mean,static
41,2.45,900,41.583,41.583,49,47.318,std,static
42,5.75,900,513.688,513.688,600,379,mean,static
42,2.09,900,42.083,42.083,49,47.318,std,static
43,4.91,900,509.406,509.406,600,379,mean,static
43,2.13,900,40.334,40.334,49,47.318,std,static
44,4.25,900,512.281,512.281,600,379,mean,static
44,1.97,900,41.596,41.596,49,47.318,std,static
45,3.78,900,506.906,506.906,600,379,mean,static
45,1.75,900,38.502,38.502,49,47.318,std,static
0,5.0,900,0.0,0.0,579,405,mean,dynamic
0,0.0,900,0.0,0.0,45,44.058,std,dynamic
1,8.59,900,204.906,204.906,579,405,mean,dynamic
1,1.97,900,25.662,25.662,45,44.058,std,dynamic
2,16.59,900,262.594,262.594,579,405,mean,dynamic
2,7.85,900,22.754,22.754,45,44.058,std,dynamic
3,27.78,900,307.031,307.031,579,405,mean,dynamic
3,15.47,900,25.423,25.423,45,44.058,std,dynamic
4,46.19,900,327.719,327.719,579,405,mean,dynamic
4,23.9,900,25.747,25.747,45,44.058,std,dynamic
5,80.25,900,336.438,336.438,579,405,mean,dynamic
5,35.42,900,18.735,18.735,45,44.058,std,dynamic
6,120.88,900,346.781,346.781,579,405,mean,dynamic
6,49.65,900,23.252,23.252,45,44.058,std,dynamic
7,162.75,900,349.0,349.0,579,405,mean,dynamic
7,58.1,900,16.415,16.415,45,44.058,std,dynamic
8,203.59,900,350.094,350.094,579,405,mean,dynamic
8,60.7,900,17.372,17.372,45,44.058,std,dynamic
9,236.0,900,354.656,354.656,579,405,mean,dynamic
9,56.14,900,19.448,19.448,45,44.058,std,dynamic
10,256.59,900,354.938,354.938,579,405,mean,dynamic
10,50.57,900,19.642,19.642,45,44.058,std,dynamic
11,262.06,900,355.812,355.812,579,405,mean,dynamic
11,41.82,900,19.197,19.197,45,44.058,std,dynamic
12,260.72,900,360.25,360.25,579,405,mean,dynamic
12,32.69,900,19.255,19.255,45,44.058,std,dynamic
13,248.62,900,365.469,365.469,579,405,mean,dynamic
13,25.82,900,19.964,19.964,45,44.058,std,dynamic
14,234.03,900,366.5,366.5,579,405,mean,dynamic
14,19.63,900,22.457,22.457,45,44.058,std,dynamic
15,217.94,900,367.594,367.594,579,405,mean,dynamic
15,17.08,900,27.512,27.512,45,44.058,std,dynamic
16,199.44,900,369.344,369.344,579,405,mean,dynamic
16,17.53,900,26.418,26.418,45,44.058,std,dynamic
17,179.88,900,369.875,369.875,579,405,mean,dynamic
17,17.7,900,27.497,27.497,45,44.058,std,dynamic
18,161.59,900,378.906,378.906,579,405,mean,dynamic
18,17.28,900,30.753,30.753,45,44.058,std,dynamic
19,144.69,900,375.219,375.219,579,405,mean,dynamic
19,16.74,900,29.34,29.34,45,44.058,std,dynamic
20,128.94,900,378.438,378.438,579,405,mean,dynamic
20,16.14,900,31.483,31.483,45,44.058,std,dynamic
21,112.72,900,381.219,381.219,579,405,mean,dynamic
21,14.95,900,30.144,30.144,45,44.058,std,dynamic
22,98.53,900,382.75,382.75,579,405,mean,dynamic
22,15.95,900,31.116,31.116,45,44.058,std,dynamic
23,86.09,900,384.531,384.531,579,405,mean,dynamic
23,15.34,900,31.192,31.192,45,44.058,std,dynamic
24,74.03,900,389.938,389.938,579,405,mean,dynamic
24,14.06,900,30.797,30.797,45,44.058,std,dynamic
25,64.34,900,388.781,388.781,579,405,mean,dynamic
25,13.07,900,29.803,29.803,45,44.058,std,dynamic
26,55.75,900,391.469,391.469,579,405,mean,dynamic
26,11.68,900,30.026,30.026,45,44.058,std,dynamic
27,47.62,900,389.438,389.438,579,405,mean,dynamic
27,10.5,900,30.525,30.525,45,44.058,std,dynamic
28,41.0,900,387.25,387.25,579,405,mean,dynamic
28,9.44,900,35.387,35.387,45,44.058,std,dynamic
29,35.38,900,393.875,393.875,579,405,mean,dynamic
29,8.89,900,37.634,37.634,45,44.058,std,dynamic
30,30.62,900,391.406,391.406,579,405,mean,dynamic
30,8.09,900,32.429,32.429,45,44.058,std,dynamic
31,26.69,900,396.562,396.562,579,405,mean,dynamic
31,7.7,900,35.468,35.468,45,44.058,std,dynamic
32,23.12,900,398.094,398.094,579,405,mean,dynamic
32,6.84,900,35.774,35.774,45,44.058,std,dynamic
33,20.22,900,395.781,395.781,579,405,mean,dynamic
33,6.43,900,37.986,37.986,45,44.058,std,dynamic
34,17.19,900,399.625,399.625,579,405,mean,dynamic
34,5.63,900,36.442,36.442,45,44.058,std,dynamic
35,14.88,900,402.0,402.0,579,405,mean,dynamic
35,5.05,900,37.943,37.943,45,44.058,std,dynamic
36,12.53,900,398.5,398.5,579,405,mean,dynamic
36,4.53,900,38.565,38.565,45,44.058,std,dynamic
37,10.53,900,401.438,401.438,579,405,mean,dynamic
37,4.14,900,37.736,37.736,45,44.058,std,dynamic
38,9.19,900,398.094,398.094,579,405,mean,dynamic
38,4.08,900,42.112,42.112,45,44.058,std,dynamic
39,8.06,900,401.562,401.562,579,405,mean,dynamic
39,3.62,900,35.429,35.429,45,44.058,std,dynamic
40,6.94,900,402.594,402.594,579,405,mean,dynamic
40,3.58,900,43.763,43.763,45,44.058,std,dynamic
41,6.22,900,403.031,403.031,579,405,mean,dynamic
41,2.99,900,40.779,40.779,45,44.058,std,dynamic
42,5.38,900,401.125,401.125,579,405,mean,dynamic
42,2.5,900,41.122,41.122,45,44.058,std,dynamic
43,4.69,900,400.188,400.188,579,405,mean,dynamic
43,2.23,900,39.813,39.813,45,44.058,std,dynamic
44,4.19,900,402.219,402.219,579,405,mean,dynamic
44,2.02,900,40.179,40.179,45,44.058,std,dynamic
45,3.28,900,400.906,400.906,579,405,mean,dynamic
45,1.94,900,39.825,39.825,45,44.058,std,dynamic
